indic,s_adj,unit,geo\time	2023Q2 	2023Q1 	2022Q4 	2022Q3 	2022Q2 	2022Q1 	2021Q4 	2021Q3 	2021Q2 	2021Q1 	2020Q4 	2020Q3 	2020Q2 	2020Q1 	2019Q4 	2019Q3 	2019Q2 	2019Q1 	2018Q4 	2018Q3 	2018Q2 	2018Q1 	2017Q4 	2017Q3 	2017Q2 	2017Q1 	2016Q4 	2016Q3 	2016Q2 	2016Q1 	2015Q4 	2015Q3 	2015Q2 	2015Q1 	2014Q4 	2014Q3 	2014Q2 	2014Q1 	2013Q4 	2013Q3 	2013Q2 	2013Q1 	2012Q4 	2012Q3 	2012Q2 	2012Q1 	2011Q4 	2011Q3 	2011Q2 	2011Q1 	2010Q4 	2010Q3 	2010Q2 	2010Q1 	2009Q4 	2009Q3 	2009Q2 	2009Q1 	2008Q4 	2008Q3 	2008Q2 	2008Q1 	2007Q4 	2007Q3 	2007Q2 	2007Q1 	2006Q4 	2006Q3 	2006Q2 	2006Q1 	2005Q4 	2005Q3 	2005Q2 	2005Q1 	2004Q4 	2004Q3 	2004Q2 	2004Q1 	2003Q4 	2003Q3 	2003Q2 	2003Q1 	2002Q4 	2002Q3 	2002Q2 	2002Q1 	2001Q4 	2001Q3 	2001Q2 	2001Q1 	2000Q4 	2000Q3 	2000Q2 	2000Q1 	1999Q4 	1999Q3 	1999Q2 	1999Q1 	1998Q4 	1998Q3 	1998Q2 	1998Q1 	1997Q4 	1997Q3 	1997Q2 	1997Q1 	1996Q4 	1996Q3 	1996Q2 	1996Q1 	1995Q4 	1995Q3 	1995Q2 	1995Q1 	1994Q4 	1994Q3 	1994Q2 	1994Q1 	1993Q4 	1993Q3 	1993Q2 	1993Q1 	1992Q4 	1992Q3 	1992Q2 	1992Q1 	1991Q4 	1991Q3 	1991Q2 	1991Q1 	1990Q4 	1990Q3 	1990Q2 	1990Q1 	1989Q4 	1989Q3 	1989Q2 	1989Q1 	1988Q4 	1988Q3 	1988Q2 	1988Q1 	1987Q4 	1987Q3 	1987Q2 	1987Q1 	1986Q4 	1986Q3 	1986Q2 	1986Q1 	1985Q4 	1985Q3 	1985Q2 	1985Q1 	1984Q4 	1984Q3 	1984Q2 	1984Q1 	1983Q4 	1983Q3 	1983Q2 	1983Q1 	1982Q4 	1982Q3 	1982Q2 	1982Q1 	1981Q4 	1981Q3 	1981Q2 	1981Q1 
BS-OTEB,NSA,BAL,AL	7.1 	6.6 	6.3 	5.6 	5.4 	6.5 	5.1 	5.0 	5.0 	5.0 	5.0 	3.8 	4.3 	4.9 	4.8 	5.3 	5.0 	4.8 	5.3 	4.7 	4.5 	4.6 	5.3 	4.7 	4.5 	4.6 	5.0 	5.3 	: 	: 	: 	: 	: 	: 	: 	: 	: 	: 	: 	: 	: 	: 	: 	: 	: 	: 	: 	: 	: 	: 	: 	: 	: 	: 	: 	: 	: 	: 	: 	: 	: 	: 	: 	: 	: 	: 	: 	: 	: 	: 	: 	: 	: 	: 	: 	: 	: 	: 	: 	: 	: 	: 	: 	: 	: 	: 	: 	: 	: 	: 	: 	: 	: 	: 	: 	: 	: 	: 	: 	: 	: 	: 	: 	: 	: 	: 	: 	: 	: 	: 	: 	: 	: 	: 	: 	: 	: 	: 	: 	: 	: 	: 	: 	: 	: 	: 	: 	: 	: 	: 	: 	: 	: 	: 	: 	: 	: 	: 	: 	: 	: 	: 	: 	: 	: 	: 	: 	: 	: 	: 	: 	: 	: 	: 	: 	: 	: 	: 	: 	: 	: 	: 	: 	: 	: 	: 	: 	: 	: 	: 
BS-OTEB,NSA,BAL,AT	7.6 	7.1 	6.6 	7.1 	7.2 	7.1 	7.1 	7.4 	7.2 	6.9 	6.3 	6.4 	6.4 	7.4 	5.9 	7.3 	7.8 	6.8 	6.0 	7.0 	7.2 	6.0 	6.1 	6.7 	6.1 	6.9 	5.6 	6.1 	6.1 	6.2 	5.6 	5.6 	6.4 	5.4 	5.7 	5.9 	5.7 	5.4 	5.2 	5.8 	5.3 	5.7 	5.3 	5.9 	5.7 	6.2 	5.1 	5.6 	6.2 	5.8 	5.6 	5.7 	5.1 	5.1 	4.7 	5.1 	4.9 	5.7 	7.3 	7.9 	7.5 	5.1 	5.2 	5.1 	5.2 	4.7 	5.2 	5.0 	4.6 	4.5 	4.1 	3.8 	5.4 	4.2 	4.2 	4.4 	4.3 	4.5 	4.3 	5.0 	6.0 	4.3 	4.1 	3.8 	3.9 	3.8 	6.0 	6.2 	5.2 	4.6 	4.0 	4.1 	4.6 	5.2 	4.1 	4.9 	5.9 	4.1 	4.7 	4.9 	4.6 	4.1 	4.3 	5.1 	5.6 	8.0 	4.7 	5.6 	5.3 	5.4 	: 	: 	: 	: 	: 	: 	: 	: 	: 	: 	: 	: 	: 	: 	: 	: 	: 	: 	: 	: 	: 	: 	: 	: 	: 	: 	: 	: 	: 	: 	: 	: 	: 	: 	: 	: 	: 	: 	: 	: 	: 	: 	: 	: 	: 	: 	: 	: 	: 	: 	: 	: 	: 	: 	: 	: 	: 	: 	: 	: 
BS-OTEB,NSA,BAL,BE	6.3 	6.1 	6.3 	6.4 	6.3 	6.2 	6.2 	6.5 	6.4 	6.0 	6.0 	5.9 	6.1 	6.4 	6.3 	6.3 	6.3 	6.3 	6.3 	6.5 	6.5 	6.3 	6.0 	6.1 	6.0 	6.0 	5.8 	6.1 	5.9 	5.8 	6.0 	6.0 	5.8 	5.7 	5.8 	5.8 	5.9 	5.7 	5.8 	5.9 	5.9 	5.8 	5.9 	6.1 	6.1 	6.0 	6.0 	6.2 	6.2 	6.0 	6.1 	5.9 	5.9 	5.6 	5.8 	5.9 	5.8 	6.0 	6.0 	6.2 	6.2 	6.2 	6.1 	6.2 	6.1 	6.0 	6.1 	6.2 	6.2 	6.0 	6.0 	6.0 	5.9 	5.7 	5.8 	5.8 	5.5 	5.4 	5.3 	5.4 	5.4 	5.2 	5.4 	5.5 	5.5 	5.4 	5.7 	5.9 	6.0 	6.0 	6.0 	6.2 	6.2 	5.9 	6.0 	6.1 	6.1 	5.7 	5.6 	5.6 	5.6 	5.4 	5.3 	5.4 	5.6 	6.6 	6.3 	6.3 	6.0 	5.9 	6.0 	6.4 	6.7 	6.7 	6.5 	6.8 	6.7 	6.3 	6.2 	6.5 	6.6 	6.5 	6.5 	6.6 	6.8 	6.7 	6.9 	7.0 	7.1 	4.7 	4.8 	4.9 	5.0 	4.8 	4.8 	4.7 	: 	: 	: 	: 	: 	: 	: 	: 	: 	: 	: 	: 	: 	: 	: 	: 	: 	: 	: 	: 	: 	: 	: 	: 	: 	: 	: 	: 	: 	: 	: 	: 	: 	: 
BS-OTEB,NSA,BAL,BG	6.2 	5.9 	5.6 	5.7 	5.5 	5.7 	5.6 	6.9 	5.9 	5.8 	6.0 	6.1 	6.2 	8.5 	8.6 	8.3 	5.1 	5.6 	5.3 	5.3 	7.0 	7.0 	6.9 	7.4 	5.9 	5.3 	6.0 	5.4 	5.5 	5.3 	4.4 	5.2 	5.4 	4.9 	4.4 	4.8 	5.2 	4.8 	4.8 	4.9 	5.0 	4.8 	4.7 	5.5 	6.0 	5.1 	4.8 	5.6 	5.3 	5.5 	5.4 	5.7 	4.5 	3.7 	3.4 	4.5 	4.8 	5.6 	4.6 	5.0 	5.5 	4.8 	4.4 	4.7 	4.8 	4.9 	4.5 	5.3 	7.1 	6.9 	6.5 	4.0 	4.1 	6.7 	4.8 	6.3 	7.2 	4.7 	5.1 	6.8 	5.7 	5.2 	5.1 	4.6 	8.7 	7.9 	8.5 	5.7 	7.8 	8.1 	3.7 	3.5 	3.7 	4.0 	3.0 	3.5 	3.3 	3.2 	3.2 	3.3 	4.0 	3.8 	3.6 	4.1 	5.4 	3.9 	3.4 	4.6 	4.7 	4.5 	4.1 	4.5 	4.5 	4.2 	4.0 	4.2 	4.7 	4.9 	4.9 	: 	: 	: 	: 	: 	: 	: 	: 	: 	: 	: 	: 	: 	: 	: 	: 	: 	: 	: 	: 	: 	: 	: 	: 	: 	: 	: 	: 	: 	: 	: 	: 	: 	: 	: 	: 	: 	: 	: 	: 	: 	: 	: 	: 	: 	: 	: 	: 	: 	: 	: 
BS-OTEB,NSA,BAL,CY	11.1 	10.9 	9.8 	9.3 	10.4 	9.4 	10.6 	9.9 	9.2 	8.4 	8.5 	8.4 	8.6 	9.7 	10.5 	10.2 	9.5 	8.3 	8.4 	9.0 	8.7 	8.3 	8.1 	8.7 	6.7 	6.8 	6.3 	6.2 	5.9 	7.2 	6.1 	5.3 	13.1 	6.2 	5.4 	4.7 	6.4 	4.9 	5.0 	5.5 	5.5 	6.1 	6.2 	7.3 	6.4 	6.4 	6.0 	8.2 	7.6 	7.4 	8.6 	6.9 	10.6 	7.9 	7.8 	7.7 	9.0 	9.1 	9.9 	10.8 	: 	: 	: 	: 	: 	: 	: 	: 	: 	: 	: 	: 	: 	: 	: 	: 	: 	: 	: 	: 	: 	: 	: 	: 	: 	: 	: 	: 	: 	: 	: 	: 	: 	: 	: 	: 	: 	: 	: 	: 	: 	: 	: 	: 	: 	: 	: 	: 	: 	: 	: 	: 	: 	: 	: 	: 	: 	: 	: 	: 	: 	: 	: 	: 	: 	: 	: 	: 	: 	: 	: 	: 	: 	: 	: 	: 	: 	: 	: 	: 	: 	: 	: 	: 	: 	: 	: 	: 	: 	: 	: 	: 	: 	: 	: 	: 	: 	: 	: 	: 	: 	: 	: 	: 	: 	: 	: 	: 	: 	: 
BS-OTEB,NSA,BAL,CZ	8.9 	9.3 	9.4 	9.1 	8.9 	8.8 	10.1 	9.2 	9.2 	9.0 	9.5 	9.6 	11.0 	10.3 	10.3 	10.1 	10.5 	9.3 	9.6 	8.1 	9.2 	8.2 	8.1 	7.8 	7.5 	7.4 	7.7 	7.7 	7.8 	7.7 	7.9 	8.0 	7.8 	8.2 	8.2 	9.3 	7.7 	7.2 	7.9 	7.4 	6.8 	7.5 	7.8 	8.1 	8.9 	8.0 	8.1 	8.3 	7.6 	7.6 	8.2 	9.0 	8.6 	8.3 	7.9 	8.3 	7.4 	7.6 	8.6 	8.1 	8.1 	8.3 	8.1 	8.4 	8.7 	9.2 	9.5 	10.0 	9.2 	8.8 	9.1 	9.1 	9.1 	7.3 	8.1 	8.7 	7.8 	7.6 	8.2 	8.3 	8.2 	7.4 	8.8 	8.8 	9.8 	7.8 	7.8 	7.8 	8.8 	7.8 	7.8 	: 	: 	: 	: 	: 	: 	: 	: 	: 	: 	: 	: 	: 	: 	: 	: 	: 	: 	: 	: 	: 	: 	: 	: 	: 	: 	: 	: 	: 	: 	: 	: 	: 	: 	: 	: 	: 	: 	: 	: 	: 	: 	: 	: 	: 	: 	: 	: 	: 	: 	: 	: 	: 	: 	: 	: 	: 	: 	: 	: 	: 	: 	: 	: 	: 	: 	: 	: 	: 	: 	: 	: 	: 	: 	: 	: 	: 	: 	: 
BS-OTEB,NSA,BAL,DE	4.0 	4.2 	4.3 	4.7 	4.8 	4.5 	4.6 	4.5 	4.4 	3.8 	4.1 	4.2 	4.1 	4.0 	4.0 	4.3 	4.3 	3.7 	3.9 	4.1 	4.1 	3.5 	3.8 	3.4 	3.7 	3.2 	3.4 	3.6 	3.2 	2.8 	3.0 	3.1 	2.9 	2.5 	2.9 	2.9 	2.9 	2.6 	2.9 	3.1 	2.8 	2.6 	2.7 	2.9 	2.8 	2.4 	2.7 	2.9 	2.8 	2.3 	2.5 	2.6 	2.4 	2.1 	2.3 	2.4 	2.4 	2.2 	2.4 	2.6 	2.4 	2.2 	2.5 	2.6 	2.4 	2.2 	2.6 	2.8 	2.6 	2.1 	2.2 	2.4 	2.2 	1.9 	2.1 	2.2 	2.2 	2.0 	2.2 	2.3 	2.2 	1.8 	2.0 	2.2 	2.3 	2.2 	2.2 	2.6 	2.4 	2.0 	2.2 	2.5 	2.4 	2.2 	2.5 	2.8 	2.8 	2.4 	2.5 	2.6 	2.5 	2.1 	2.3 	2.4 	2.5 	2.2 	2.4 	2.6 	2.6 	2.2 	2.5 	2.7 	2.7 	2.5 	2.9 	3.0 	2.9 	2.6 	2.7 	2.8 	2.7 	2.5 	2.6 	2.9 	2.8 	2.7 	2.8 	2.9 	2.9 	2.6 	3.1 	3.2 	3.0 	2.6 	2.9 	2.8 	2.5 	2.2 	2.5 	2.5 	2.4 	1.9 	2.3 	2.4 	2.2 	1.9 	2.4 	0.0 	2.2 	1.9 	2.2 	2.2 	1.9 	1.6 	2.0 	2.2 	2.2 	2.3 	2.6 	2.6 	2.5 	1.9 	2.0 	2.3 	2.2 	2.0 	2.3 	2.6 	2.8 	2.6 
BS-OTEB,NSA,BAL,DK	6.1 	6.0 	6.3 	6.0 	6.4 	6.0 	6.3 	6.5 	6.0 	5.6 	5.6 	5.9 	5.6 	6.1 	6.1 	5.8 	5.8 	5.3 	5.5 	5.9 	5.4 	5.3 	5.5 	5.4 	4.7 	5.0 	5.3 	5.4 	4.7 	4.3 	4.4 	4.8 	4.6 	4.3 	4.5 	4.4 	4.5 	4.5 	4.2 	4.1 	3.6 	3.6 	4.1 	4.7 	4.9 	4.8 	5.2 	5.9 	5.1 	4.4 	4.5 	4.0 	3.6 	3.5 	3.5 	4.5 	3.7 	4.4 	4.1 	4.9 	5.3 	5.2 	4.8 	5.2 	4.6 	4.8 	5.2 	5.4 	5.2 	4.7 	4.8 	4.7 	4.5 	4.3 	4.8 	5.5 	5.2 	4.4 	4.1 	4.7 	4.6 	4.3 	4.2 	4.8 	4.9 	4.6 	4.9 	4.9 	5.6 	5.4 	4.7 	5.1 	5.5 	0.0 	0.0 	5.2 	5.4 	4.5 	4.9 	3.8 	2.7 	1.6 	: 	: 	: 	: 	: 	: 	: 	: 	: 	: 	: 	: 	: 	: 	: 	: 	: 	: 	: 	: 	: 	: 	: 	: 	: 	: 	: 	: 	: 	: 	: 	: 	: 	: 	: 	: 	: 	: 	: 	: 	: 	: 	: 	: 	: 	: 	: 	: 	: 	: 	: 	: 	: 	: 	: 	: 	: 	: 	: 	: 	: 	: 	: 	: 	: 	: 	: 	: 
BS-OTEB,NSA,BAL,EA20	9.3 	9.4 	9.1 	9.1 	9.3 	9.3 	8.9 	8.7 	8.6 	8.1 	8.1 	8.6 	7.9 	8.5 	8.3 	8.7 	8.6 	8.5 	8.3 	8.2 	8.1 	8.0 	8.1 	7.8 	7.4 	7.5 	7.5 	7.0 	7.0 	7.1 	6.7 	7.2 	7.3 	6.9 	6.9 	7.0 	7.0 	6.7 	6.6 	6.8 	6.9 	6.7 	7.0 	7.1 	7.0 	7.0 	7.1 	7.1 	7.4 	6.9 	7.1 	7.2 	7.4 	6.8 	7.2 	7.6 	7.7 	7.3 	7.7 	8.3 	8.3 	8.5 	8.5 	8.6 	8.1 	8.6 	8.5 	8.8 	8.6 	8.3 	8.1 	8.1 	8.1 	8.4 	8.1 	7.6 	8.2 	7.5 	7.5 	7.8 	8.0 	7.8 	7.2 	7.2 	7.9 	7.6 	7.8 	7.6 	8.8 	7.3 	6.8 	7.5 	7.5 	7.4 	6.8 	6.8 	7.1 	7.2 	7.1 	7.3 	7.0 	6.0 	6.2 	7.2 	5.1 	4.8 	5.1 	5.7 	5.5 	5.1 	6.6 	5.0 	5.0 	4.6 	4.7 	5.5 	4.1 	4.1 	4.9 	4.9 	4.3 	3.1 	4.4 	4.9 	5.2 	4.9 	4.5 	5.2 	5.2 	4.8 	5.6 	5.5 	5.5 	5.1 	5.1 	5.3 	5.2 	5.0 	3.3 	3.8 	4.2 	2.5 	2.8 	3.4 	3.9 	3.2 	3.6 	2.5 	3.8 	3.3 	3.8 	: 	3.7 	3.1 	3.8 	4.2 	3.6 	3.2 	3.3 	3.1 	3.5 	3.4 	3.8 	4.7 	3.8 	4.5 	4.0 	4.3 	4.4 	4.4 
BS-OTEB,NSA,BAL,EE	4.3 	4.4 	5.0 	4.9 	5.0 	5.0 	4.8 	5.5 	5.1 	4.1 	5.1 	3.9 	3.5 	3.7 	4.2 	5.1 	4.5 	4.7 	5.0 	5.1 	5.0 	4.0 	4.3 	4.4 	4.5 	4.0 	3.8 	4.2 	3.7 	3.5 	3.4 	3.8 	3.4 	3.0 	3.3 	3.5 	3.0 	2.9 	3.3 	3.7 	3.3 	3.2 	4.0 	4.0 	4.5 	3.8 	3.6 	4.1 	3.6 	3.2 	2.8 	3.5 	2.7 	2.3 	2.5 	2.3 	3.0 	2.8 	2.9 	3.8 	4.0 	3.9 	4.3 	5.6 	5.1 	5.6 	5.4 	5.2 	5.7 	4.6 	4.1 	4.6 	4.2 	3.4 	3.6 	3.5 	3.6 	2.8 	3.6 	3.5 	2.7 	2.4 	2.8 	3.5 	: 	: 	: 	: 	2.4 	2.6 	3.5 	: 	: 	: 	: 	: 	: 	: 	: 	: 	: 	: 	: 	: 	: 	: 	: 	: 	: 	: 	: 	: 	: 	: 	: 	: 	: 	: 	: 	: 	: 	: 	: 	: 	: 	: 	: 	: 	: 	: 	: 	: 	: 	: 	: 	: 	: 	: 	: 	: 	: 	: 	: 	: 	: 	: 	: 	: 	: 	: 	: 	: 	: 	: 	: 	: 	: 	: 	: 	: 	: 	: 	: 	: 	: 	: 	: 	: 	: 	: 
BS-OTEB,NSA,BAL,EL	13.5 	12.6 	12.7 	8.0 	10.7 	9.1 	9.7 	9.4 	19.0 	11.7 	10.3 	8.3 	15.4 	9.0 	7.8 	8.0 	6.5 	7.3 	8.6 	8.4 	6.6 	8.3 	8.5 	8.1 	6.6 	8.2 	9.5 	9.4 	9.0 	9.7 	9.7 	7.7 	11.5 	13.6 	12.1 	12.1 	10.9 	10.6 	12.0 	11.7 	10.6 	16.6 	9.9 	9.1 	7.7 	6.8 	8.5 	11.2 	12.9 	14.6 	15.0 	12.3 	13.3 	11.0 	15.7 	16.7 	15.5 	18.2 	16.7 	17.4 	20.1 	16.0 	17.0 	15.2 	16.8 	20.8 	17.6 	15.5 	14.5 	13.3 	13.8 	16.5 	11.7 	9.5 	12.8 	13.6 	13.4 	13.8 	17.1 	15.3 	17.0 	15.6 	17.3 	16.6 	15.2 	15.2 	15.1 	16.8 	14.4 	14.1 	18.0 	19.7 	23.5 	21.6 	24.0 	22.1 	19.8 	21.7 	20.1 	23.5 	19.2 	18.5 	15.7 	16.0 	20.2 	10.9 	15.6 	12.2 	9.5 	13.7 	14.1 	12.3 	14.3 	10.3 	7.7 	9.4 	10.7 	10.8 	10.9 	9.1 	9.7 	12.0 	14.2 	12.7 	13.6 	14.1 	14.1 	9.8 	11.7 	12.5 	13.0 	15.3 	14.9 	11.3 	14.8 	12.4 	10.3 	12.9 	12.0 	11.0 	11.0 	11.0 	0.0 	11.0 	12.0 	10.0 	11.0 	11.0 	11.0 	10.0 	14.0 	14.0 	11.0 	14.0 	13.0 	13.0 	13.0 	9.0 	: 	: 	: 	: 	: 	: 	: 	: 	: 	: 	: 	: 
BS-OTEB,NSA,BAL,ES	18.8 	19.6 	17.8 	17.7 	17.8 	18.7 	15.4 	14.2 	14.8 	14.7 	15.5 	18.3 	14.9 	17.2 	16.6 	18.2 	16.8 	19.9 	18.9 	17.2 	16.5 	18.3 	18.6 	16.9 	16.1 	16.8 	18.7 	13.2 	14.2 	16.7 	12.9 	17.3 	16.7 	17.8 	16.6 	16.9 	15.5 	16.7 	12.3 	14.7 	14.6 	14.4 	14.4 	15.7 	15.6 	15.6 	14.4 	15.0 	15.8 	13.3 	14.4 	15.5 	16.4 	14.6 	16.4 	16.9 	16.6 	15.4 	15.6 	16.7 	15.9 	18.9 	17.8 	18.2 	16.5 	19.0 	18.6 	20.3 	20.3 	19.4 	18.0 	19.0 	19.1 	19.3 	20.4 	16.5 	18.6 	18.1 	15.6 	16.0 	15.0 	16.2 	14.8 	13.8 	14.7 	14.0 	14.9 	13.5 	13.9 	14.5 	13.1 	15.0 	14.7 	13.5 	11.4 	11.7 	12.0 	14.0 	13.2 	13.1 	12.7 	12.9 	11.6 	15.0 	14.5 	14.0 	14.8 	16.1 	13.9 	13.4 	12.8 	11.8 	13.9 	13.8 	12.3 	13.1 	10.5 	7.7 	13.1 	11.5 	10.9 	1.3 	9.0 	12.3 	11.0 	11.1 	9.3 	11.1 	11.7 	9.1 	11.2 	7.3 	13.3 	12.4 	12.6 	11.8 	11.8 	10.6 	: 	: 	: 	: 	: 	: 	: 	: 	: 	: 	: 	: 	: 	: 	: 	: 	: 	: 	: 	: 	: 	: 	: 	: 	: 	: 	: 	: 	: 	: 	: 	: 
BS-OTEB,NSA,BAL,EU27_2020	9.0 	9.0 	8.8 	8.8 	8.9 	9.0 	8.6 	8.4 	8.3 	7.9 	7.9 	8.3 	7.7 	8.3 	8.3 	8.5 	8.4 	8.3 	8.2 	8.2 	8.1 	8.0 	7.9 	7.7 	7.4 	7.4 	7.6 	7.2 	7.2 	7.2 	7.0 	7.5 	7.4 	7.1 	7.1 	7.2 	7.1 	6.9 	6.9 	7.0 	6.9 	6.8 	7.1 	7.2 	7.1 	8.0 	7.5 	7.5 	7.7 	7.2 	7.5 	7.4 	7.4 	7.1 	7.0 	7.4 	7.5 	7.2 	7.6 	8.1 	8.1 	8.3 	8.3 	8.4 	8.0 	8.4 	8.4 	8.6 	8.4 	8.1 	7.9 	7.9 	7.9 	8.1 	7.8 	7.4 	7.9 	7.2 	7.2 	7.5 	7.7 	7.5 	7.0 	7.0 	7.6 	7.3 	7.5 	7.3 	8.4 	7.1 	6.6 	7.2 	7.2 	7.1 	6.4 	6.7 	6.9 	7.0 	6.9 	7.1 	6.7 	5.9 	6.1 	7.1 	5.1 	4.8 	5.1 	6.4 	6.4 	5.1 	6.6 	5.0 	5.0 	4.7 	4.8 	5.5 	4.1 	4.1 	4.9 	5.0 	4.3 	3.1 	4.4 	4.9 	5.2 	4.9 	4.5 	5.2 	5.2 	4.8 	5.6 	5.5 	5.5 	5.1 	5.1 	5.3 	5.2 	5.0 	: 	: 	: 	: 	: 	: 	: 	: 	: 	: 	: 	: 	: 	: 	: 	: 	: 	: 	: 	: 	: 	: 	: 	: 	: 	: 	: 	: 	: 	: 	: 	: 
BS-OTEB,NSA,BAL,FI	7.0 	7.5 	7.5 	7.0 	7.9 	8.2 	8.2 	7.9 	6.9 	7.4 	7.4 	7.0 	7.2 	8.2 	7.6 	8.2 	8.0 	7.8 	7.1 	7.3 	8.1 	8.0 	7.1 	7.4 	7.0 	7.3 	7.8 	7.2 	7.8 	5.0 	6.1 	7.5 	6.9 	7.0 	7.1 	6.4 	6.6 	5.9 	6.4 	6.4 	6.3 	5.4 	5.8 	8.2 	4.6 	5.4 	5.6 	5.5 	6.8 	6.3 	6.4 	6.4 	6.2 	5.7 	5.4 	4.4 	5.5 	4.6 	4.3 	5.2 	6.0 	6.6 	6.7 	7.1 	6.8 	6.2 	6.7 	7.3 	7.3 	6.8 	6.9 	6.3 	4.9 	5.8 	5.3 	6.7 	6.5 	6.7 	6.2 	7.0 	6.7 	7.0 	6.9 	5.9 	5.5 	5.5 	5.5 	6.2 	6.1 	6.1 	7.0 	7.1 	7.0 	6.4 	6.7 	7.2 	6.3 	6.2 	5.6 	6.4 	6.3 	5.4 	5.3 	5.2 	5.4 	5.1 	4.8 	5.1 	5.0 	4.9 	5.6 	5.6 	5.8 	6.3 	5.5 	5.2 	5.1 	5.2 	4.8 	4.4 	4.8 	4.7 	: 	: 	: 	: 	: 	: 	: 	: 	: 	: 	: 	: 	: 	: 	: 	: 	: 	: 	: 	: 	: 	: 	: 	: 	: 	: 	: 	: 	: 	: 	: 	: 	: 	: 	: 	: 	: 	: 	: 	: 	: 	: 	: 	: 	: 	: 	: 	: 
BS-OTEB,NSA,BAL,FR	8.0 	8.0 	7.9 	8.1 	8.1 	8.1 	8.0 	8.1 	8.3 	7.5 	7.5 	7.6 	6.9 	7.4 	7.6 	7.5 	7.4 	7.2 	7.0 	7.1 	7.0 	6.7 	7.0 	7.0 	6.3 	6.6 	6.3 	6.3 	6.1 	6.0 	6.2 	6.1 	6.2 	5.6 	6.0 	6.1 	6.4 	6.3 	6.7 	6.6 	6.8 	6.7 	6.7 	6.6 	6.7 	6.5 	6.5 	6.7 	6.5 	6.2 	6.1 	6.0 	6.1 	5.6 	5.5 	5.8 	5.8 	5.9 	6.1 	6.9 	6.8 	6.6 	6.7 	6.7 	6.7 	6.4 	6.2 	6.5 	6.1 	6.1 	5.9 	6.1 	5.9 	5.8 	5.7 	5.9 	5.9 	5.6 	: 	: 	: 	: 	: 	: 	: 	: 	: 	: 	: 	: 	: 	: 	: 	: 	: 	: 	: 	: 	: 	: 	: 	: 	: 	: 	: 	: 	: 	: 	: 	: 	: 	: 	: 	: 	: 	: 	: 	: 	: 	: 	: 	: 	: 	: 	: 	: 	: 	: 	: 	: 	: 	: 	: 	: 	: 	: 	: 	: 	: 	: 	: 	: 	: 	: 	: 	: 	: 	: 	: 	: 	: 	: 	: 	: 	: 	: 	: 	: 	: 	: 	: 	: 	: 	: 	: 	: 	: 	: 	: 	: 
BS-OTEB,NSA,BAL,HR	7.8 	8.1 	8.7 	7.5 	9.1 	12.2 	9.7 	7.5 	7.5 	6.4 	6.7 	6.0 	6.1 	10.9 	7.9 	8.9 	8.0 	8.7 	6.9 	7.5 	7.4 	6.5 	6.7 	7.8 	5.8 	5.6 	5.5 	5.1 	6.3 	5.3 	4.8 	4.4 	4.2 	4.9 	4.6 	4.6 	4.6 	4.5 	3.2 	4.6 	4.8 	3.9 	3.7 	4.4 	4.1 	4.0 	3.8 	4.2 	4.3 	4.2 	4.6 	4.8 	4.0 	5.7 	4.5 	5.9 	5.1 	6.5 	7.2 	7.2 	: 	: 	: 	: 	: 	: 	: 	: 	: 	: 	: 	: 	: 	: 	: 	: 	: 	: 	: 	: 	: 	: 	: 	: 	: 	: 	: 	: 	: 	: 	: 	: 	: 	: 	: 	: 	: 	: 	: 	: 	: 	: 	: 	: 	: 	: 	: 	: 	: 	: 	: 	: 	: 	: 	: 	: 	: 	: 	: 	: 	: 	: 	: 	: 	: 	: 	: 	: 	: 	: 	: 	: 	: 	: 	: 	: 	: 	: 	: 	: 	: 	: 	: 	: 	: 	: 	: 	: 	: 	: 	: 	: 	: 	: 	: 	: 	: 	: 	: 	: 	: 	: 	: 	: 	: 	: 	: 	: 	: 	: 
BS-OTEB,NSA,BAL,HU	5.4 	4.4 	4.9 	6.7 	5.7 	6.3 	4.8 	5.7 	6.0 	4.8 	6.4 	4.2 	3.8 	6.0 	6.9 	6.9 	6.9 	6.9 	8.4 	8.0 	5.5 	6.3 	4.1 	3.9 	3.7 	3.6 	3.6 	4.3 	4.0 	4.1 	4.4 	3.9 	4.4 	3.8 	4.0 	4.3 	4.2 	3.5 	3.3 	3.2 	3.6 	3.3 	3.4 	3.5 	3.1 	3.3 	2.9 	3.4 	3.3 	3.1 	3.0 	3.1 	3.5 	3.3 	3.0 	4.0 	3.3 	3.4 	4.0 	3.1 	3.9 	4.4 	3.8 	3.8 	3.8 	4.4 	4.3 	4.9 	4.8 	4.6 	4.3 	4.9 	4.2 	4.2 	4.8 	4.9 	4.3 	3.7 	3.8 	3.8 	4.5 	4.3 	3.5 	4.0 	4.0 	4.5 	5.0 	4.7 	3.7 	5.5 	6.1 	5.6 	5.2 	4.8 	4.4 	4.7 	4.5 	6.8 	6.8 	6.8 	6.8 	4.6 	: 	: 	: 	: 	: 	: 	: 	: 	: 	: 	: 	: 	: 	: 	: 	: 	: 	: 	: 	: 	: 	: 	: 	: 	: 	: 	: 	: 	: 	: 	: 	: 	: 	: 	: 	: 	: 	: 	: 	: 	: 	: 	: 	: 	: 	: 	: 	: 	: 	: 	: 	: 	: 	: 	: 	: 	: 	: 	: 	: 	: 	: 	: 	: 	: 	: 	: 	: 
BS-OTEB,NSA,BAL,IE	: 	4.9 	4.3 	4.4 	5.1 	5.5 	5.9 	6.6 	7.0 	4.6 	3.8 	4.2 	4.2 	5.0 	4.9 	5.1 	5.7 	6.7 	4.4 	4.3 	4.4 	3.8 	5.4 	5.6 	4.9 	6.7 	6.8 	5.5 	: 	: 	: 	: 	: 	: 	: 	: 	: 	: 	: 	: 	: 	: 	: 	: 	: 	: 	: 	: 	: 	: 	: 	: 	: 	: 	: 	: 	: 	: 	: 	: 	: 	: 	: 	: 	: 	: 	: 	: 	: 	: 	: 	: 	: 	: 	: 	: 	: 	: 	: 	: 	: 	: 	: 	: 	: 	: 	: 	: 	: 	: 	: 	: 	: 	: 	: 	: 	: 	: 	: 	: 	: 	: 	: 	: 	: 	: 	: 	: 	: 	: 	: 	: 	: 	: 	: 	: 	: 	: 	: 	: 	: 	: 	: 	: 	: 	: 	: 	: 	: 	: 	: 	: 	: 	: 	: 	: 	: 	: 	: 	: 	: 	: 	: 	: 	: 	: 	: 	: 	: 	: 	: 	: 	: 	: 	: 	: 	: 	: 	: 	: 	: 	: 	: 	: 	: 	: 	: 	: 	: 	: 
BS-OTEB,NSA,BAL,IT	15.4 	15.1 	14.4 	13.8 	14.3 	14.5 	14.6 	13.8 	12.9 	12.8 	12.2 	12.8 	: 	12.3 	12.3 	12.0 	12.8 	11.4 	11.1 	10.9 	10.9 	11.1 	10.3 	10.3 	9.9 	10.0 	8.5 	9.5 	9.8 	9.9 	10.2 	9.8 	10.2 	8.7 	8.8 	9.0 	9.4 	8.3 	9.2 	8.5 	9.6 	8.9 	10.2 	8.9 	8.9 	9.6 	10.0 	8.3 	9.7 	10.2 	8.8 	8.2 	9.1 	9.1 	7.6 	9.1 	9.7 	8.6 	8.4 	8.7 	9.5 	9.4 	9.5 	10.0 	8.8 	9.8 	9.6 	9.0 	9.2 	9.0 	9.6 	8.1 	8.9 	11.0 	8.4 	8.6 	10.4 	7.7 	7.7 	8.3 	9.8 	8.9 	7.6 	8.0 	10.3 	9.5 	9.8 	9.1 	14.8 	8.5 	7.6 	8.4 	8.5 	9.7 	8.8 	8.3 	9.5 	9.4 	9.9 	10.5 	9.9 	6.2 	8.1 	9.7 	-0.2 	-0.8 	0.8 	2.3 	3.5 	2.6 	9.5 	2.7 	0.8 	0.1 	1.3 	4.0 	-0.4 	2.5 	1.7 	2.8 	0.4 	2.7 	2.2 	1.4 	3.8 	2.8 	1.9 	3.4 	2.8 	3.8 	5.0 	7.0 	2.6 	2.7 	1.7 	3.6 	3.3 	4.2 	3.3 	5.2 	6.5 	2.2 	3.0 	3.9 	5.9 	4.3 	4.5 	5.8 	5.9 	5.2 	6.0 	6.3 	5.8 	4.5 	6.0 	6.9 	4.8 	3.8 	3.7 	3.3 	4.5 	5.4 	6.8 	9.1 	6.3 	9.1 	7.0 	7.2 	7.1 	7.4 
BS-OTEB,NSA,BAL,LT	3.6 	2.6 	2.6 	2.6 	2.8 	2.6 	5.0 	4.9 	4.7 	4.4 	4.2 	4.4 	3.9 	4.3 	4.4 	4.5 	4.3 	4.3 	4.0 	4.1 	4.0 	3.8 	4.1 	4.1 	3.9 	3.9 	3.7 	3.9 	3.8 	3.4 	3.6 	3.9 	4.4 	4.0 	4.0 	4.5 	4.5 	4.2 	3.7 	4.2 	4.2 	3.5 	3.6 	3.8 	3.8 	3.4 	3.3 	3.9 	3.6 	3.2 	2.9 	3.2 	2.7 	2.0 	2.2 	2.1 	2.2 	2.7 	3.4 	4.2 	4.5 	5.0 	4.8 	5.5 	5.2 	4.5 	4.8 	5.2 	5.2 	4.1 	4.1 	4.6 	4.4 	3.1 	3.5 	3.8 	4.0 	2.9 	3.1 	4.0 	4.1 	2.6 	4.1 	4.1 	3.1 	4.1 	4.1 	4.1 	4.1 	5.1 	5.1 	: 	: 	: 	: 	: 	: 	: 	: 	: 	: 	: 	: 	: 	: 	: 	: 	: 	: 	: 	: 	: 	: 	: 	: 	: 	: 	: 	: 	: 	: 	: 	: 	: 	: 	: 	: 	: 	: 	: 	: 	: 	: 	: 	: 	: 	: 	: 	: 	: 	: 	: 	: 	: 	: 	: 	: 	: 	: 	: 	: 	: 	: 	: 	: 	: 	: 	: 	: 	: 	: 	: 	: 	: 	: 	: 	: 	: 	: 	: 
BS-OTEB,NSA,BAL,LU	7.3 	7.5 	7.4 	7.6 	8.0 	7.7 	7.8 	7.4 	7.5 	7.2 	7.1 	7.2 	7.5 	7.0 	7.7 	7.7 	7.7 	7.6 	7.5 	7.7 	7.7 	7.6 	7.7 	6.5 	7.6 	7.5 	7.4 	7.5 	4.8 	4.8 	5.0 	4.8 	4.9 	4.8 	5.0 	4.9 	4.7 	4.7 	4.7 	4.8 	4.5 	4.4 	4.3 	4.4 	4.8 	4.8 	4.9 	5.0 	4.9 	5.1 	3.5 	3.4 	3.4 	3.2 	3.3 	3.3 	3.2 	3.4 	3.6 	3.8 	3.6 	3.4 	3.5 	3.4 	2.2 	2.2 	2.3 	2.6 	2.5 	2.6 	2.6 	2.5 	2.6 	2.7 	2.5 	2.6 	2.2 	2.2 	2.2 	2.3 	2.1 	2.3 	2.5 	2.7 	2.8 	2.8 	3.3 	3.5 	3.1 	3.3 	3.4 	3.4 	3.5 	3.1 	3.3 	3.2 	3.1 	2.7 	3.1 	2.9 	2.7 	2.6 	2.7 	2.6 	2.5 	2.2 	2.2 	2.3 	2.2 	2.2 	2.3 	2.5 	2.3 	2.4 	2.5 	2.6 	2.5 	2.2 	2.4 	2.5 	3.2 	2.9 	3.2 	3.8 	3.4 	3.1 	3.1 	3.4 	3.5 	3.7 	3.5 	3.6 	3.4 	3.3 	3.2 	3.1 	2.5 	2.4 	2.8 	3.3 	3.4 	3.3 	3.7 	3.6 	4.5 	3.3 	3.5 	3.2 	3.0 	2.3 	2.3 	2.1 	2.2 	1.6 	1.5 	2.0 	2.6 	1.5 	2.6 	2.3 	2.3 	2.7 	3.2 	3.4 	3.4 	4.6 	4.5 	4.5 	4.5 	4.8 
BS-OTEB,NSA,BAL,LV	6.2 	6.4 	5.8 	6.0 	5.8 	6.2 	6.0 	6.4 	5.7 	5.0 	5.4 	: 	4.7 	5.9 	5.7 	: 	6.5 	6.4 	5.4 	6.7 	6.0 	5.6 	5.3 	5.2 	4.8 	4.6 	5.1 	3.8 	3.9 	3.7 	4.4 	4.6 	4.7 	5.0 	4.3 	5.1 	5.3 	4.9 	4.5 	4.9 	4.4 	4.4 	5.1 	4.7 	7.5 	4.5 	4.4 	4.7 	4.2 	3.9 	4.6 	3.9 	3.8 	3.6 	3.6 	3.1 	3.6 	4.0 	6.7 	4.9 	5.0 	5.2 	5.8 	5.9 	6.2 	5.6 	5.5 	5.2 	5.1 	5.1 	4.9 	4.8 	4.5 	3.8 	3.8 	3.9 	3.6 	3.7 	3.7 	4.0 	4.0 	3.0 	3.6 	3.7 	4.0 	3.4 	2.9 	2.9 	3.1 	2.8 	2.1 	2.4 	2.6 	2.7 	2.9 	3.1 	3.3 	: 	: 	: 	: 	: 	: 	: 	: 	: 	: 	: 	: 	: 	: 	: 	: 	: 	: 	: 	: 	: 	: 	: 	: 	: 	: 	: 	: 	: 	: 	: 	: 	: 	: 	: 	: 	: 	: 	: 	: 	: 	: 	: 	: 	: 	: 	: 	: 	: 	: 	: 	: 	: 	: 	: 	: 	: 	: 	: 	: 	: 	: 	: 	: 	: 	: 	: 	: 	: 	: 	: 	: 	: 
BS-OTEB,NSA,BAL,ME	4.5 	4.4 	5.5 	3.0 	4.0 	: 	3.4 	3.2 	7.0 	7.6 	7.9 	9.0 	6.9 	8.2 	7.9 	4.5 	5.8 	6.8 	7.9 	8.0 	5.7 	8.3 	4.9 	5.8 	4.5 	5.7 	6.1 	7.3 	9.4 	8.8 	7.4 	8.8 	8.3 	8.2 	6.1 	6.2 	5.6 	6.7 	6.5 	6.7 	7.2 	6.2 	7.2 	8.3 	: 	: 	: 	: 	: 	: 	: 	: 	: 	: 	: 	: 	: 	: 	: 	: 	: 	: 	: 	: 	: 	: 	: 	: 	: 	: 	: 	: 	: 	: 	: 	: 	: 	: 	: 	: 	: 	: 	: 	: 	: 	: 	: 	: 	: 	: 	: 	: 	: 	: 	: 	: 	: 	: 	: 	: 	: 	: 	: 	: 	: 	: 	: 	: 	: 	: 	: 	: 	: 	: 	: 	: 	: 	: 	: 	: 	: 	: 	: 	: 	: 	: 	: 	: 	: 	: 	: 	: 	: 	: 	: 	: 	: 	: 	: 	: 	: 	: 	: 	: 	: 	: 	: 	: 	: 	: 	: 	: 	: 	: 	: 	: 	: 	: 	: 	: 	: 	: 	: 	: 	: 	: 	: 	: 	: 	: 
BS-OTEB,NSA,BAL,MK	4.9 	4.0 	3.9 	3.9 	5.6 	4.2 	4.9 	4.8 	3.8 	3.7 	3.7 	3.6 	2.5 	3.6 	4.5 	3.3 	3.8 	3.3 	4.5 	3.4 	3.7 	3.3 	3.6 	4.5 	3.8 	3.8 	3.5 	3.5 	3.8 	3.4 	3.2 	3.1 	3.3 	3.3 	2.8 	3.3 	4.0 	4.6 	3.6 	3.6 	4.2 	3.8 	3.4 	3.3 	4.3 	5.2 	3.7 	3.3 	3.7 	2.4 	2.9 	2.6 	2.7 	3.1 	5.3 	5.4 	3.1 	11.3 	12.6 	17.6 	: 	: 	: 	: 	: 	: 	: 	: 	: 	: 	: 	: 	: 	: 	: 	: 	: 	: 	: 	: 	: 	: 	: 	: 	: 	: 	: 	: 	: 	: 	: 	: 	: 	: 	: 	: 	: 	: 	: 	: 	: 	: 	: 	: 	: 	: 	: 	: 	: 	: 	: 	: 	: 	: 	: 	: 	: 	: 	: 	: 	: 	: 	: 	: 	: 	: 	: 	: 	: 	: 	: 	: 	: 	: 	: 	: 	: 	: 	: 	: 	: 	: 	: 	: 	: 	: 	: 	: 	: 	: 	: 	: 	: 	: 	: 	: 	: 	: 	: 	: 	: 	: 	: 	: 	: 	: 	: 	: 	: 	: 
BS-OTEB,NSA,BAL,MT	7.2 	7.4 	6.4 	7.4 	5.6 	6.3 	6.6 	7.3 	11.2 	7.6 	8.0 	8.0 	8.3 	7.3 	6.7 	6.1 	7.6 	7.5 	7.6 	6.5 	6.5 	7.0 	7.3 	4.4 	6.3 	4.7 	5.1 	4.3 	4.4 	4.0 	7.0 	6.7 	6.4 	8.2 	8.2 	6.2 	5.8 	5.6 	4.6 	4.6 	5.0 	5.2 	5.5 	5.2 	5.4 	21.2 	6.0 	7.5 	8.6 	6.0 	6.7 	8.2 	11.0 	9.0 	7.0 	5.1 	3.3 	4.6 	5.1 	7.2 	: 	: 	: 	: 	: 	: 	: 	: 	: 	: 	: 	: 	: 	: 	: 	: 	: 	: 	: 	: 	: 	: 	: 	: 	: 	: 	: 	: 	: 	: 	: 	: 	: 	: 	: 	: 	: 	: 	: 	: 	: 	: 	: 	: 	: 	: 	: 	: 	: 	: 	: 	: 	: 	: 	: 	: 	: 	: 	: 	: 	: 	: 	: 	: 	: 	: 	: 	: 	: 	: 	: 	: 	: 	: 	: 	: 	: 	: 	: 	: 	: 	: 	: 	: 	: 	: 	: 	: 	: 	: 	: 	: 	: 	: 	: 	: 	: 	: 	: 	: 	: 	: 	: 	: 	: 	: 	: 	: 	: 	: 
BS-OTEB,NSA,BAL,NL	9.4 	9.4 	9.4 	9.6 	9.3 	9.2 	8.8 	8.8 	8.6 	8.4 	8.3 	8.4 	8.2 	8.5 	8.7 	8.9 	8.9 	8.8 	8.7 	9.2 	8.8 	8.5 	8.3 	8.0 	7.5 	7.7 	7.5 	7.3 	6.8 	6.6 	6.5 	6.5 	6.3 	6.0 	6.0 	5.8 	5.6 	5.3 	5.3 	5.3 	4.9 	5.0 	5.3 	5.4 	5.6 	5.9 	5.9 	6.1 	6.0 	5.6 	5.9 	6.0 	5.8 	5.9 	6.1 	6.0 	6.5 	6.9 	7.3 	8.5 	8.7 	8.4 	8.3 	8.3 	8.1 	8.3 	8.0 	7.5 	7.5 	7.3 	7.6 	7.8 	7.2 	6.9 	6.6 	6.7 	6.9 	6.7 	6.6 	6.7 	6.6 	7.2 	7.3 	7.4 	7.7 	7.8 	8.1 	8.0 	7.9 	7.7 	7.7 	8.0 	7.8 	7.6 	7.6 	7.6 	7.3 	7.5 	7.4 	7.4 	6.9 	6.7 	6.9 	6.8 	6.5 	6.2 	6.3 	6.4 	6.3 	5.7 	5.8 	5.7 	5.5 	5.7 	5.8 	5.8 	5.7 	5.5 	5.5 	5.7 	5.5 	5.7 	5.7 	5.9 	5.8 	5.7 	6.0 	6.5 	6.1 	5.9 	6.3 	6.2 	6.4 	6.5 	6.6 	6.5 	6.2 	6.4 	6.6 	6.6 	6.5 	6.2 	6.4 	6.4 	6.1 	6.2 	6.4 	6.5 	5.8 	4.2 	4.5 	: 	6.5 	6.4 	6.8 	6.8 	6.9 	6.2 	6.7 	6.3 	6.4 	6.6 	6.4 	6.4 	6.6 	5.5 	5.9 	6.2 	6.5 	6.4 
BS-OTEB,NSA,BAL,PL	8.6 	8.4 	8.4 	8.5 	8.6 	8.7 	8.6 	8.6 	8.3 	8.4 	8.3 	8.1 	7.8 	9.9 	9.1 	9.3 	9.6 	9.5 	10.7 	11.0 	10.9 	11.1 	9.9 	10.0 	9.7 	9.9 	12.1 	12.9 	12.0 	12.3 	11.9 	12.2 	11.7 	12.3 	11.1 	12.0 	11.5 	12.6 	13.4 	12.6 	11.4 	12.3 	12.3 	12.5 	12.1 	14.4 	16.2 	16.3 	15.8 	15.0 	14.7 	14.8 	13.8 	16.2 	7.3 	7.3 	7.3 	7.5 	8.5 	8.7 	8.4 	8.5 	8.0 	7.8 	7.8 	7.5 	7.8 	7.4 	7.2 	6.9 	6.7 	6.5 	6.1 	6.1 	5.7 	5.5 	5.0 	4.7 	4.7 	4.8 	4.7 	4.7 	4.7 	4.7 	4.6 	4.6 	4.3 	4.5 	4.6 	4.7 	5.2 	5.3 	5.4 	5.2 	5.3 	5.3 	5.2 	5.4 	5.1 	5.4 	5.2 	5.2 	5.7 	6.2 	5.9 	5.6 	5.4 	5.8 	5.9 	5.3 	5.3 	5.7 	5.2 	5.1 	4.8 	5.0 	4.9 	4.7 	4.7 	5.8 	: 	: 	: 	: 	: 	: 	: 	: 	: 	: 	: 	: 	: 	: 	: 	: 	: 	: 	: 	: 	: 	: 	: 	: 	: 	: 	: 	: 	: 	: 	: 	: 	: 	: 	: 	: 	: 	: 	: 	: 	: 	: 	: 	: 	: 	: 	: 	: 	: 	: 
BS-OTEB,NSA,BAL,PT	8.5 	8.7 	9.0 	8.7 	8.7 	8.5 	9.3 	9.7 	8.9 	8.6 	8.6 	7.5 	7.2 	8.0 	7.7 	7.2 	7.1 	8.5 	8.1 	8.0 	8.0 	7.4 	7.2 	7.2 	7.9 	8.1 	7.6 	7.5 	7.3 	7.9 	7.5 	7.7 	8.0 	8.9 	7.5 	7.8 	7.6 	7.5 	7.7 	7.8 	8.2 	7.4 	7.9 	7.9 	8.6 	8.7 	8.6 	9.7 	9.7 	9.7 	9.6 	10.5 	9.4 	8.3 	8.8 	8.5 	8.2 	8.2 	9.2 	9.2 	9.2 	9.2 	8.2 	8.2 	9.2 	8.2 	8.2 	8.2 	8.2 	8.2 	8.2 	8.2 	9.2 	9.2 	8.2 	9.2 	9.2 	9.2 	9.2 	9.2 	9.2 	8.2 	10.2 	10.2 	10.2 	11.2 	10.2 	10.2 	11.2 	10.2 	11.2 	10.2 	10.2 	10.2 	10.2 	10.2 	9.2 	9.2 	9.2 	9.2 	9.2 	10.2 	10.2 	10.2 	10.2 	10.2 	9.3 	8.5 	8.8 	8.3 	8.4 	9.4 	8.0 	7.3 	7.5 	7.3 	7.9 	7.4 	7.7 	8.7 	10.3 	10.7 	11.2 	10.2 	10.6 	9.9 	9.6 	11.2 	11.5 	14.2 	12.1 	13.6 	12.9 	13.8 	13.5 	12.8 	16.7 	13.7 	: 	: 	: 	: 	: 	: 	: 	: 	: 	: 	: 	: 	: 	: 	: 	: 	: 	: 	: 	: 	: 	: 	: 	: 	: 	: 	: 	: 	: 	: 	: 	: 
BS-OTEB,NSA,BAL,RO	4.4 	4.7 	3.0 	3.6 	5.0 	5.6 	4.7 	3.6 	5.0 	4.5 	4.7 	4.2 	3.7 	3.9 	4.5 	3.3 	4.4 	4.8 	4.2 	4.8 	3.2 	2.7 	3.3 	3.1 	3.6 	2.8 	4.2 	4.0 	6.8 	6.9 	7.6 	7.8 	7.8 	8.3 	7.7 	9.0 	8.7 	9.6 	9.5 	8.0 	3.1 	3.9 	4.0 	3.3 	3.8 	2.6 	2.7 	2.8 	3.1 	3.5 	4.2 	3.2 	3.1 	3.2 	3.8 	3.2 	3.7 	3.1 	3.8 	3.9 	4.0 	3.1 	3.7 	4.1 	3.9 	4.0 	3.6 	3.7 	3.3 	3.7 	3.6 	5.8 	4.3 	5.7 	4.8 	3.8 	4.8 	3.8 	4.8 	4.8 	5.8 	5.8 	4.8 	5.8 	4.9 	7.4 	9.8 	: 	: 	: 	: 	: 	: 	: 	: 	: 	: 	: 	: 	: 	: 	: 	: 	: 	: 	: 	: 	: 	: 	: 	: 	: 	: 	: 	: 	: 	: 	: 	: 	: 	: 	: 	: 	: 	: 	: 	: 	: 	: 	: 	: 	: 	: 	: 	: 	: 	: 	: 	: 	: 	: 	: 	: 	: 	: 	: 	: 	: 	: 	: 	: 	: 	: 	: 	: 	: 	: 	: 	: 	: 	: 	: 	: 	: 	: 	: 	: 	: 	: 	: 
BS-OTEB,NSA,BAL,RS	6.4 	6.1 	6.0 	6.4 	6.8 	7.7 	6.7 	6.8 	7.1 	7.5 	7.1 	6.7 	6.8 	7.1 	6.9 	7.5 	7.0 	6.4 	6.3 	6.8 	5.9 	6.0 	5.9 	5.2 	4.8 	5.9 	5.5 	5.1 	5.0 	4.3 	4.6 	4.5 	4.2 	4.6 	3.5 	5.0 	2.2 	2.5 	3.2 	3.6 	: 	: 	: 	: 	: 	: 	: 	: 	: 	: 	: 	: 	: 	: 	: 	: 	: 	: 	: 	: 	: 	: 	: 	: 	: 	: 	: 	: 	: 	: 	: 	: 	: 	: 	: 	: 	: 	: 	: 	: 	: 	: 	: 	: 	: 	: 	: 	: 	: 	: 	: 	: 	: 	: 	: 	: 	: 	: 	: 	: 	: 	: 	: 	: 	: 	: 	: 	: 	: 	: 	: 	: 	: 	: 	: 	: 	: 	: 	: 	: 	: 	: 	: 	: 	: 	: 	: 	: 	: 	: 	: 	: 	: 	: 	: 	: 	: 	: 	: 	: 	: 	: 	: 	: 	: 	: 	: 	: 	: 	: 	: 	: 	: 	: 	: 	: 	: 	: 	: 	: 	: 	: 	: 	: 	: 	: 	: 	: 	: 	: 
BS-OTEB,NSA,BAL,SE	6.8 	7.0 	7.3 	7.3 	6.0 	7.0 	6.8 	6.8 	6.3 	5.8 	5.8 	6.8 	6.0 	6.0 	8.3 	7.8 	6.8 	6.5 	6.3 	7.0 	7.3 	6.5 	6.3 	6.8 	6.3 	6.5 	6.3 	6.0 	6.0 	5.4 	6.0 	7.3 	5.5 	4.9 	6.2 	5.1 	4.5 	4.4 	5.0 	5.0 	4.8 	3.7 	4.5 	4.9 	4.9 	24.8 	: 	: 	: 	: 	11.1 	8.4 	5.6 	7.4 	7.8 	7.9 	8.3 	8.0 	8.2 	8.5 	8.8 	9.0 	9.1 	9.2 	10.0 	8.9 	9.3 	8.9 	9.0 	8.3 	8.2 	8.0 	7.3 	7.1 	7.2 	7.0 	5.8 	5.3 	6.5 	5.5 	6.7 	7.3 	5.5 	6.7 	6.8 	6.2 	6.8 	7.7 	6.9 	6.3 	6.0 	5.7 	5.9 	6.4 	5.0 	5.6 	5.9 	5.7 	5.7 	5.8 	5.8 	5.5 	6.4 	5.7 	5.0 	5.0 	5.5 	24.0 	28.0 	: 	: 	: 	: 	: 	: 	: 	: 	: 	: 	: 	: 	: 	: 	: 	: 	: 	: 	: 	: 	: 	: 	: 	: 	: 	: 	: 	: 	: 	: 	: 	: 	: 	: 	: 	: 	: 	: 	: 	: 	: 	: 	: 	: 	: 	: 	: 	: 	: 	: 	: 	: 	: 	: 	: 	: 	: 	: 	: 	: 	: 
BS-OTEB,NSA,BAL,SI	6.4 	7.3 	7.0 	6.9 	8.0 	6.4 	6.2 	6.9 	6.7 	5.7 	5.7 	6.0 	5.2 	4.6 	5.6 	6.1 	6.9 	5.7 	6.5 	7.4 	5.2 	4.5 	5.5 	5.0 	4.1 	3.7 	6.2 	5.7 	5.3 	5.0 	4.8 	3.8 	4.8 	3.9 	3.9 	4.4 	4.5 	4.1 	4.3 	3.9 	3.4 	3.6 	3.8 	3.7 	3.5 	3.4 	3.5 	3.3 	3.6 	3.2 	3.5 	4.4 	3.7 	3.6 	3.9 	4.0 	4.3 	4.0 	5.0 	5.2 	5.3 	5.1 	5.3 	5.7 	5.6 	5.3 	4.8 	4.8 	4.6 	4.0 	4.7 	4.4 	4.8 	4.8 	4.9 	5.0 	4.7 	4.1 	4.5 	4.5 	4.7 	4.3 	4.3 	4.8 	: 	: 	: 	: 	: 	: 	: 	: 	: 	: 	: 	: 	: 	: 	: 	: 	: 	: 	: 	: 	: 	: 	: 	: 	: 	: 	: 	: 	: 	: 	: 	: 	: 	: 	: 	: 	: 	: 	: 	: 	: 	: 	: 	: 	: 	: 	: 	: 	: 	: 	: 	: 	: 	: 	: 	: 	: 	: 	: 	: 	: 	: 	: 	: 	: 	: 	: 	: 	: 	: 	: 	: 	: 	: 	: 	: 	: 	: 	: 	: 	: 	: 	: 	: 	: 	: 
BS-OTEB,NSA,BAL,SK	10.6 	9.2 	9.3 	8.3 	9.7 	9.6 	8.0 	9.4 	9.7 	8.8 	8.6 	10.8 	10.8 	11.8 	13.2 	12.2 	9.8 	8.3 	8.5 	9.4 	10.7 	11.3 	11.0 	11.2 	10.6 	10.1 	9.5 	9.6 	10.1 	9.5 	10.4 	10.3 	12.2 	11.8 	12.1 	11.6 	11.7 	8.5 	8.6 	9.0 	8.8 	8.5 	8.1 	7.7 	7.9 	7.8 	7.8 	8.0 	7.7 	6.7 	6.9 	6.9 	7.2 	7.0 	7.4 	7.3 	7.3 	6.9 	7.7 	8.3 	8.0 	7.3 	7.2 	7.9 	8.5 	8.7 	8.1 	8.0 	7.4 	6.7 	6.5 	6.8 	7.5 	6.9 	7.0 	7.0 	6.1 	5.6 	6.0 	5.9 	6.6 	7.5 	5.3 	5.6 	6.0 	4.8 	: 	: 	: 	: 	: 	: 	: 	: 	: 	: 	: 	: 	: 	: 	: 	: 	: 	: 	: 	: 	: 	: 	: 	: 	: 	: 	: 	: 	: 	: 	: 	: 	: 	: 	: 	: 	: 	: 	: 	: 	: 	: 	: 	: 	: 	: 	: 	: 	: 	: 	: 	: 	: 	: 	: 	: 	: 	: 	: 	: 	: 	: 	: 	: 	: 	: 	: 	: 	: 	: 	: 	: 	: 	: 	: 	: 	: 	: 	: 	: 	: 	: 	: 	: 
BS-OTEB,NSA,BAL,TR	15.6 	14.1 	16.8 	15.5 	17.3 	17.4 	16.3 	16.7 	16.0 	16.1 	16.3 	16.2 	15.1 	17.7 	16.4 	15.6 	16.7 	16.6 	16.0 	17.2 	17.7 	18.2 	17.1 	16.7 	17.4 	17.2 	16.3 	17.1 	17.4 	17.8 	16.5 	17.1 	17.3 	17.3 	16.6 	16.5 	16.6 	17.0 	15.4 	15.7 	15.7 	17.2 	15.7 	15.8 	18.1 	16.8 	16.8 	15.8 	: 	: 	: 	: 	: 	: 	: 	: 	: 	: 	: 	: 	: 	: 	: 	: 	: 	: 	: 	: 	: 	: 	: 	: 	: 	: 	: 	: 	: 	: 	: 	: 	: 	: 	: 	: 	: 	: 	: 	: 	: 	: 	: 	: 	: 	: 	: 	: 	: 	: 	: 	: 	: 	: 	: 	: 	: 	: 	: 	: 	: 	: 	: 	: 	: 	: 	: 	: 	: 	: 	: 	: 	: 	: 	: 	: 	: 	: 	: 	: 	: 	: 	: 	: 	: 	: 	: 	: 	: 	: 	: 	: 	: 	: 	: 	: 	: 	: 	: 	: 	: 	: 	: 	: 	: 	: 	: 	: 	: 	: 	: 	: 	: 	: 	: 	: 	: 	: 	: 	: 	: 	: 
BS-OTEB,NSA,BAL,UK	: 	: 	: 	: 	: 	: 	: 	: 	: 	: 	: 	: 	: 	: 	3.2 	4.8 	4.5 	4.8 	5.8 	5.7 	5.8 	3.9 	5.2 	6.4 	4.2 	3.1 	2.9 	2.8 	3.1 	3.2 	3.1 	2.9 	3.0 	3.0 	3.1 	3.0 	2.8 	2.4 	2.6 	3.1 	2.6 	2.1 	2.1 	2.4 	3.2 	2.8 	3.1 	3.3 	4.2 	3.6 	3.5 	3.0 	3.1 	3.4 	3.9 	2.9 	3.6 	2.7 	3.3 	4.2 	4.3 	4.3 	4.3 	3.6 	3.6 	4.7 	4.1 	4.8 	4.1 	3.9 	4.3 	3.1 	4.4 	4.1 	4.1 	4.8 	4.5 	4.7 	3.9 	4.4 	3.2 	3.0 	2.9 	3.4 	3.1 	2.4 	2.8 	2.9 	4.0 	3.5 	3.4 	4.3 	4.1 	3.5 	3.3 	3.4 	3.6 	3.5 	3.5 	3.5 	3.5 	3.5 	3.9 	3.7 	2.7 	3.2 	2.1 	3.4 	3.2 	3.4 	3.7 	3.3 	3.7 	3.7 	3.6 	: 	: 	: 	: 	: 	: 	: 	: 	: 	: 	: 	: 	: 	: 	: 	: 	: 	: 	: 	: 	: 	: 	: 	: 	: 	: 	: 	: 	: 	: 	: 	: 	: 	: 	: 	: 	: 	: 	: 	: 	: 	: 	: 	: 	: 	: 	: 	: 	: 	: 	: 	: 	: 	: 	: 
BS-OTEB,SA,BAL,AL	7.3 	6.5 	6.2 	6.1 	5.6 	5.9 	5.5 	4.9 	5.0 	5.1 	4.9 	4.5 	4.5 	4.8 	4.7 	4.7 	5.2 	5.2 	4.8 	4.4 	4.4 	5.0 	5.0 	4.6 	4.6 	4.5 	4.9 	5.7 	: 	: 	: 	: 	: 	: 	: 	: 	: 	: 	: 	: 	: 	: 	: 	: 	: 	: 	: 	: 	: 	: 	: 	: 	: 	: 	: 	: 	: 	: 	: 	: 	: 	: 	: 	: 	: 	: 	: 	: 	: 	: 	: 	: 	: 	: 	: 	: 	: 	: 	: 	: 	: 	: 	: 	: 	: 	: 	: 	: 	: 	: 	: 	: 	: 	: 	: 	: 	: 	: 	: 	: 	: 	: 	: 	: 	: 	: 	: 	: 	: 	: 	: 	: 	: 	: 	: 	: 	: 	: 	: 	: 	: 	: 	: 	: 	: 	: 	: 	: 	: 	: 	: 	: 	: 	: 	: 	: 	: 	: 	: 	: 	: 	: 	: 	: 	: 	: 	: 	: 	: 	: 	: 	: 	: 	: 	: 	: 	: 	: 	: 	: 	: 	: 	: 	: 	: 	: 	: 	: 	: 	: 
BS-OTEB,SA,BAL,AT	7.6 	7.1 	6.6 	7.1 	7.2 	7.1 	7.1 	7.4 	7.2 	6.9 	6.3 	6.4 	6.4 	7.4 	5.9 	7.3 	7.8 	6.8 	6.0 	7.0 	7.2 	6.0 	6.1 	6.7 	6.1 	6.9 	5.6 	6.1 	6.1 	6.2 	5.6 	5.6 	6.4 	5.4 	5.7 	5.9 	5.7 	5.4 	5.2 	5.8 	5.3 	5.7 	5.3 	5.9 	5.7 	6.2 	5.1 	5.6 	6.2 	5.8 	5.6 	5.7 	5.1 	5.1 	4.7 	5.1 	4.9 	5.7 	7.3 	7.9 	7.5 	5.1 	5.2 	5.1 	5.2 	4.7 	5.2 	5.0 	4.6 	4.5 	4.1 	3.8 	5.4 	4.2 	4.2 	4.4 	4.3 	4.5 	4.3 	5.0 	6.0 	4.3 	4.1 	3.8 	3.9 	3.8 	6.0 	6.2 	5.2 	4.6 	4.0 	4.1 	4.6 	5.2 	4.1 	4.9 	5.9 	4.1 	4.7 	4.9 	4.6 	4.1 	4.3 	5.1 	5.6 	8.0 	4.7 	5.6 	5.3 	5.4 	: 	: 	: 	: 	: 	: 	: 	: 	: 	: 	: 	: 	: 	: 	: 	: 	: 	: 	: 	: 	: 	: 	: 	: 	: 	: 	: 	: 	: 	: 	: 	: 	: 	: 	: 	: 	: 	: 	: 	: 	: 	: 	: 	: 	: 	: 	: 	: 	: 	: 	: 	: 	: 	: 	: 	: 	: 	: 	: 	: 
BS-OTEB,SA,BAL,BE	6.3 	6.2 	6.3 	6.3 	6.3 	6.3 	6.2 	6.4 	6.3 	6.0 	6.0 	5.8 	6.0 	6.5 	6.4 	6.3 	6.2 	6.3 	6.3 	6.4 	6.5 	6.4 	6.1 	6.0 	6.0 	6.0 	5.8 	6.0 	5.8 	5.9 	6.0 	5.9 	5.8 	5.8 	5.9 	5.8 	5.8 	5.8 	5.8 	5.9 	5.8 	5.8 	5.9 	6.0 	6.0 	6.1 	6.0 	6.1 	6.1 	6.0 	6.1 	5.9 	5.8 	5.6 	5.8 	5.8 	5.8 	6.1 	6.0 	6.1 	6.1 	6.2 	6.1 	6.2 	6.1 	6.1 	6.2 	6.1 	6.1 	6.1 	6.1 	5.9 	5.9 	5.8 	5.8 	5.7 	5.4 	5.4 	5.4 	5.4 	5.3 	5.3 	5.4 	5.5 	5.5 	5.5 	5.8 	5.9 	5.9 	6.1 	6.1 	6.2 	6.1 	5.9 	6.1 	6.0 	6.0 	5.7 	5.7 	5.5 	5.5 	5.5 	5.3 	5.4 	5.5 	6.7 	6.4 	6.2 	6.0 	6.0 	6.1 	6.3 	6.6 	6.8 	6.6 	6.7 	6.7 	6.4 	6.2 	6.5 	6.5 	6.6 	6.6 	6.5 	6.7 	6.8 	7.0 	6.9 	7.0 	4.8 	4.8 	4.9 	5.0 	4.9 	4.9 	4.7 	: 	: 	: 	: 	: 	: 	: 	: 	: 	: 	: 	: 	: 	: 	: 	: 	: 	: 	: 	: 	: 	: 	: 	: 	: 	: 	: 	: 	: 	: 	: 	: 	: 	: 
BS-OTEB,SA,BAL,BG	6.2 	5.9 	5.6 	5.7 	5.5 	5.7 	5.6 	6.9 	5.9 	5.8 	6.0 	6.1 	6.2 	8.5 	8.6 	8.3 	5.1 	5.6 	5.3 	5.3 	7.0 	7.0 	6.9 	7.4 	5.9 	5.3 	6.0 	5.4 	5.5 	5.3 	4.4 	5.2 	5.4 	4.9 	4.4 	4.8 	5.2 	4.8 	4.8 	4.9 	5.0 	4.8 	4.7 	5.5 	6.0 	5.1 	4.8 	5.6 	5.3 	5.5 	5.4 	5.7 	4.5 	3.7 	3.4 	4.5 	4.8 	5.6 	4.6 	5.0 	5.5 	4.8 	4.4 	4.7 	4.8 	4.9 	4.5 	5.3 	7.1 	6.9 	6.5 	4.0 	4.1 	6.7 	4.8 	6.3 	7.2 	4.7 	5.1 	6.8 	5.7 	5.2 	5.1 	4.6 	8.7 	7.9 	8.5 	5.7 	7.8 	8.1 	3.7 	3.5 	3.7 	4.0 	3.0 	3.5 	3.3 	3.2 	3.2 	3.3 	4.0 	3.8 	3.6 	4.1 	5.4 	3.9 	3.4 	4.6 	4.7 	4.5 	4.1 	4.5 	4.5 	4.2 	4.0 	4.2 	4.7 	4.9 	4.9 	: 	: 	: 	: 	: 	: 	: 	: 	: 	: 	: 	: 	: 	: 	: 	: 	: 	: 	: 	: 	: 	: 	: 	: 	: 	: 	: 	: 	: 	: 	: 	: 	: 	: 	: 	: 	: 	: 	: 	: 	: 	: 	: 	: 	: 	: 	: 	: 	: 	: 	: 
BS-OTEB,SA,BAL,CY	11.1 	10.9 	9.8 	9.3 	10.4 	9.4 	10.6 	9.9 	9.2 	8.4 	8.5 	8.4 	8.6 	9.7 	10.5 	10.2 	9.5 	8.3 	8.4 	9.0 	8.7 	8.3 	8.1 	8.7 	6.7 	6.8 	6.3 	6.2 	5.9 	7.2 	6.1 	5.3 	13.1 	6.2 	5.4 	4.7 	6.4 	4.9 	5.0 	5.5 	5.5 	6.1 	6.2 	7.3 	6.4 	6.4 	6.0 	8.2 	7.6 	7.4 	8.6 	6.9 	10.6 	7.9 	7.8 	7.7 	9.0 	9.1 	9.9 	10.8 	: 	: 	: 	: 	: 	: 	: 	: 	: 	: 	: 	: 	: 	: 	: 	: 	: 	: 	: 	: 	: 	: 	: 	: 	: 	: 	: 	: 	: 	: 	: 	: 	: 	: 	: 	: 	: 	: 	: 	: 	: 	: 	: 	: 	: 	: 	: 	: 	: 	: 	: 	: 	: 	: 	: 	: 	: 	: 	: 	: 	: 	: 	: 	: 	: 	: 	: 	: 	: 	: 	: 	: 	: 	: 	: 	: 	: 	: 	: 	: 	: 	: 	: 	: 	: 	: 	: 	: 	: 	: 	: 	: 	: 	: 	: 	: 	: 	: 	: 	: 	: 	: 	: 	: 	: 	: 	: 	: 	: 	: 
BS-OTEB,SA,BAL,CZ	9.0 	9.2 	9.2 	9.1 	9.2 	8.9 	9.7 	9.0 	9.4 	9.1 	9.7 	9.6 	10.6 	10.2 	10.5 	10.1 	10.3 	9.2 	9.7 	8.3 	9.1 	8.1 	8.2 	7.8 	7.6 	7.5 	7.7 	7.6 	7.8 	7.8 	7.9 	7.9 	7.9 	8.5 	8.0 	8.7 	7.9 	7.6 	7.6 	7.3 	7.1 	7.6 	7.8 	8.0 	8.6 	8.1 	8.2 	8.1 	7.7 	8.0 	8.2 	8.6 	8.5 	8.5 	7.9 	8.1 	7.7 	7.8 	8.3 	8.0 	8.2 	8.3 	8.2 	8.5 	8.7 	9.2 	9.3 	9.6 	9.2 	9.2 	9.1 	8.6 	8.9 	7.9 	8.2 	8.1 	7.9 	8.0 	8.1 	7.9 	8.3 	7.9 	9.0 	8.3 	9.3 	8.1 	8.4 	7.8 	8.4 	7.9 	8.2 	: 	: 	: 	: 	: 	: 	: 	: 	: 	: 	: 	: 	: 	: 	: 	: 	: 	: 	: 	: 	: 	: 	: 	: 	: 	: 	: 	: 	: 	: 	: 	: 	: 	: 	: 	: 	: 	: 	: 	: 	: 	: 	: 	: 	: 	: 	: 	: 	: 	: 	: 	: 	: 	: 	: 	: 	: 	: 	: 	: 	: 	: 	: 	: 	: 	: 	: 	: 	: 	: 	: 	: 	: 	: 	: 	: 	: 	: 	: 
BS-OTEB,SA,BAL,DE	3.9 	4.4 	4.3 	4.5 	4.7 	4.7 	4.6 	4.3 	4.3 	4.0 	4.1 	4.0 	4.0 	4.3 	4.0 	4.1 	4.2 	4.0 	3.9 	3.9 	4.0 	3.8 	3.8 	3.2 	3.6 	3.5 	3.4 	3.4 	3.1 	3.1 	3.0 	2.9 	2.8 	2.8 	2.9 	2.7 	2.8 	2.9 	2.9 	2.9 	2.7 	2.8 	2.7 	2.7 	2.7 	2.6 	2.7 	2.7 	2.7 	2.5 	2.5 	2.4 	2.3 	2.3 	2.3 	2.2 	2.3 	2.4 	2.4 	2.4 	2.3 	2.4 	2.5 	2.4 	2.3 	2.4 	2.6 	2.6 	2.5 	2.3 	2.2 	2.2 	2.1 	2.1 	2.1 	2.0 	2.1 	2.2 	2.2 	2.1 	2.1 	2.0 	2.0 	2.0 	2.2 	2.4 	2.2 	2.4 	2.3 	2.2 	2.2 	2.3 	2.3 	2.4 	2.5 	2.6 	2.7 	2.6 	2.5 	2.4 	2.4 	2.3 	2.3 	2.2 	2.4 	2.4 	2.4 	2.4 	2.5 	2.4 	2.5 	2.5 	2.6 	2.7 	2.9 	2.8 	2.8 	2.8 	2.7 	2.6 	2.6 	2.7 	2.6 	2.7 	2.7 	2.9 	2.8 	2.7 	2.8 	2.8 	3.1 	3.1 	3.0 	2.9 	2.9 	2.7 	2.5 	2.5 	2.5 	2.4 	2.4 	2.2 	2.3 	2.3 	2.2 	2.2 	2.4 	-0.1 	2.2 	2.2 	2.2 	2.1 	1.9 	1.9 	2.0 	2.1 	2.2 	2.6 	2.6 	2.5 	2.5 	2.2 	2.0 	2.2 	2.2 	2.3 	2.3 	2.5 	2.8 	2.8 
BS-OTEB,SA,BAL,DK	6.1 	6.0 	6.3 	6.0 	6.4 	6.0 	6.3 	6.5 	6.0 	5.6 	5.6 	5.9 	5.6 	6.1 	6.1 	5.8 	5.8 	5.3 	5.5 	5.9 	5.4 	5.3 	5.5 	5.4 	4.7 	5.0 	5.3 	5.4 	4.7 	4.3 	4.4 	4.8 	4.6 	4.3 	4.5 	4.4 	4.5 	4.5 	4.2 	4.1 	3.6 	3.6 	4.1 	4.7 	4.9 	4.8 	5.2 	5.9 	5.1 	4.4 	4.5 	4.0 	3.6 	3.5 	3.5 	4.5 	3.7 	4.4 	4.1 	4.9 	5.3 	5.2 	4.8 	5.2 	4.6 	4.8 	5.2 	5.4 	5.2 	4.7 	4.8 	4.7 	4.5 	4.3 	4.8 	5.5 	5.2 	4.4 	4.1 	4.7 	4.6 	4.3 	4.2 	4.8 	4.9 	4.6 	4.9 	4.9 	5.6 	5.4 	4.7 	5.1 	5.5 	0.0 	0.0 	5.2 	5.4 	4.5 	4.9 	3.8 	2.7 	1.6 	: 	: 	: 	: 	: 	: 	: 	: 	: 	: 	: 	: 	: 	: 	: 	: 	: 	: 	: 	: 	: 	: 	: 	: 	: 	: 	: 	: 	: 	: 	: 	: 	: 	: 	: 	: 	: 	: 	: 	: 	: 	: 	: 	: 	: 	: 	: 	: 	: 	: 	: 	: 	: 	: 	: 	: 	: 	: 	: 	: 	: 	: 	: 	: 	: 	: 	: 	: 
BS-OTEB,SA,BAL,EA20	9.3 	9.4 	9.1 	9.1 	9.3 	9.3 	8.9 	8.7 	8.6 	8.1 	8.1 	8.6 	7.9 	8.5 	8.3 	8.7 	8.6 	8.5 	8.3 	8.2 	8.1 	8.0 	8.1 	7.8 	7.4 	7.5 	7.5 	7.0 	7.0 	7.1 	6.7 	7.2 	7.3 	6.9 	6.9 	7.0 	7.0 	6.7 	6.6 	6.8 	6.9 	6.7 	7.0 	7.1 	7.0 	7.0 	7.1 	7.1 	7.4 	6.9 	7.1 	7.2 	7.4 	6.8 	7.2 	7.6 	7.7 	7.3 	7.7 	8.3 	8.3 	8.5 	8.5 	8.6 	8.1 	8.6 	8.5 	8.8 	8.6 	8.3 	8.1 	8.1 	8.1 	8.4 	8.1 	7.6 	8.2 	7.5 	7.5 	7.8 	8.0 	7.8 	7.2 	7.2 	7.9 	7.6 	7.8 	7.6 	8.8 	7.3 	6.8 	7.5 	7.5 	7.4 	6.8 	6.8 	7.1 	7.2 	7.1 	7.3 	7.0 	6.0 	6.2 	7.2 	5.1 	4.8 	5.1 	5.7 	5.5 	5.1 	6.6 	5.0 	5.0 	4.6 	4.7 	5.5 	4.1 	4.1 	4.9 	4.9 	4.3 	3.1 	4.4 	4.9 	5.2 	4.9 	4.5 	5.2 	5.2 	4.8 	5.6 	5.5 	5.5 	5.1 	5.1 	5.3 	5.2 	5.0 	3.3 	3.8 	4.2 	2.5 	2.8 	3.4 	3.9 	3.2 	3.6 	2.5 	3.8 	3.3 	3.8 	3.7 	3.7 	3.1 	3.8 	4.2 	3.6 	3.2 	3.3 	3.1 	3.5 	3.4 	3.8 	4.7 	3.8 	4.5 	4.0 	4.3 	4.4 	4.4 
BS-OTEB,SA,BAL,EE	4.3 	4.7 	5.0 	4.6 	5.0 	5.4 	4.8 	5.1 	5.0 	4.4 	5.1 	3.7 	3.5 	4.0 	4.2 	4.8 	4.5 	5.1 	5.0 	4.8 	5.0 	4.3 	4.3 	4.1 	4.4 	4.3 	3.8 	3.9 	3.7 	3.7 	3.4 	3.6 	3.3 	3.2 	3.3 	3.2 	3.0 	3.1 	3.3 	3.4 	3.3 	3.4 	4.0 	3.8 	4.4 	4.1 	3.6 	3.8 	3.6 	3.4 	2.8 	3.3 	2.7 	2.5 	2.5 	2.2 	2.9 	3.0 	2.9 	3.5 	3.9 	4.2 	4.3 	5.2 	5.1 	6.0 	5.4 	4.8 	5.7 	5.0 	4.2 	4.3 	4.2 	3.7 	3.6 	3.2 	3.5 	3.0 	3.6 	3.3 	2.7 	2.6 	2.8 	3.2 	3.2 	3.3 	2.8 	2.4 	2.4 	2.8 	3.5 	: 	: 	: 	: 	: 	: 	: 	: 	: 	: 	: 	: 	: 	: 	: 	: 	: 	: 	: 	: 	: 	: 	: 	: 	: 	: 	: 	: 	: 	: 	: 	: 	: 	: 	: 	: 	: 	: 	: 	: 	: 	: 	: 	: 	: 	: 	: 	: 	: 	: 	: 	: 	: 	: 	: 	: 	: 	: 	: 	: 	: 	: 	: 	: 	: 	: 	: 	: 	: 	: 	: 	: 	: 	: 	: 	: 	: 	: 	: 
BS-OTEB,SA,BAL,EL	13.5 	12.6 	12.7 	8.0 	10.7 	9.1 	9.7 	9.4 	19.0 	11.7 	10.3 	8.3 	15.4 	9.0 	7.8 	8.0 	6.5 	7.3 	8.6 	8.4 	6.6 	8.3 	8.5 	8.1 	6.6 	8.2 	9.5 	9.4 	9.0 	9.7 	9.7 	7.7 	11.5 	13.6 	12.1 	12.1 	10.9 	10.6 	12.0 	11.7 	10.6 	16.6 	9.9 	9.1 	7.7 	6.8 	8.5 	11.2 	12.9 	14.6 	15.0 	12.3 	13.3 	11.0 	15.7 	16.7 	15.5 	18.2 	16.7 	17.4 	20.1 	16.0 	17.0 	15.2 	16.8 	20.8 	17.6 	15.5 	14.5 	13.3 	13.8 	16.5 	11.7 	9.5 	12.8 	13.6 	13.4 	13.8 	17.1 	15.3 	17.0 	15.6 	17.3 	16.6 	15.2 	15.2 	15.1 	16.8 	14.4 	14.1 	18.0 	19.7 	23.5 	21.6 	24.0 	22.1 	19.8 	21.7 	20.1 	23.5 	19.2 	18.5 	15.7 	16.0 	20.2 	10.9 	15.6 	12.2 	9.5 	13.7 	14.1 	12.3 	14.3 	10.3 	7.7 	9.4 	10.7 	10.8 	10.9 	9.1 	9.7 	12.0 	14.2 	12.7 	13.6 	14.1 	14.1 	9.8 	11.7 	12.5 	13.0 	15.3 	14.9 	11.3 	14.8 	12.4 	10.3 	12.9 	12.0 	11.0 	11.0 	11.0 	0.0 	11.0 	12.0 	10.0 	11.0 	11.0 	11.0 	10.0 	14.0 	14.0 	11.0 	14.0 	13.0 	13.0 	13.0 	9.0 	: 	: 	: 	: 	: 	: 	: 	: 	: 	: 	: 	: 
BS-OTEB,SA,BAL,ES	18.8 	19.6 	17.8 	17.7 	17.8 	18.7 	15.4 	14.2 	14.8 	14.7 	15.5 	18.3 	14.9 	17.2 	16.6 	18.2 	16.8 	19.9 	18.9 	17.2 	16.5 	18.3 	18.6 	16.9 	16.1 	16.8 	18.7 	13.2 	14.2 	16.7 	12.9 	17.3 	16.7 	17.8 	16.6 	16.9 	15.5 	16.7 	12.3 	14.7 	14.6 	14.4 	14.4 	15.7 	15.6 	15.6 	14.4 	15.0 	15.8 	13.3 	14.4 	15.5 	16.4 	14.6 	16.4 	16.9 	16.6 	15.4 	15.6 	16.7 	15.9 	18.9 	17.8 	18.2 	16.5 	19.0 	18.6 	20.3 	20.3 	19.4 	18.0 	19.0 	19.1 	19.3 	20.4 	16.5 	18.6 	18.1 	15.6 	16.0 	15.0 	16.2 	14.8 	13.8 	14.7 	14.0 	14.9 	13.5 	13.9 	14.5 	13.1 	15.0 	14.7 	13.5 	11.4 	11.7 	12.0 	14.0 	13.2 	13.1 	12.7 	12.9 	11.6 	15.0 	14.5 	14.0 	14.8 	16.1 	13.9 	13.4 	12.8 	11.8 	13.9 	13.8 	12.3 	13.1 	10.5 	7.7 	13.1 	11.5 	10.9 	1.3 	9.0 	12.3 	11.0 	11.1 	9.3 	11.1 	11.7 	9.1 	11.2 	7.3 	13.3 	12.4 	12.6 	11.8 	11.8 	10.6 	: 	: 	: 	: 	: 	: 	: 	: 	: 	: 	: 	: 	: 	: 	: 	: 	: 	: 	: 	: 	: 	: 	: 	: 	: 	: 	: 	: 	: 	: 	: 	: 
BS-OTEB,SA,BAL,EU27_2020	9.0 	9.0 	8.8 	8.8 	8.9 	9.0 	8.6 	8.4 	8.3 	7.9 	7.9 	8.3 	7.7 	8.3 	8.3 	8.5 	8.4 	8.3 	8.2 	8.2 	8.1 	8.0 	7.9 	7.7 	7.4 	7.4 	7.6 	7.2 	7.2 	7.2 	7.0 	7.5 	7.4 	7.1 	7.1 	7.2 	7.1 	6.9 	6.9 	7.0 	6.9 	6.8 	7.1 	7.2 	7.1 	8.0 	7.5 	7.5 	7.7 	7.2 	7.5 	7.4 	7.4 	7.1 	7.0 	7.4 	7.5 	7.2 	7.6 	8.1 	8.1 	8.3 	8.3 	8.4 	8.0 	8.4 	8.4 	8.6 	8.4 	8.1 	7.9 	7.9 	7.9 	8.1 	7.8 	7.4 	7.9 	7.2 	7.2 	7.5 	7.7 	7.5 	7.0 	7.0 	7.6 	7.3 	7.5 	7.3 	8.4 	7.1 	6.6 	7.2 	7.2 	7.1 	6.4 	6.7 	6.9 	7.0 	6.9 	7.1 	6.7 	5.9 	6.1 	7.1 	5.1 	4.8 	5.1 	6.4 	6.4 	5.1 	6.6 	5.0 	5.0 	4.7 	4.8 	5.5 	4.1 	4.1 	4.9 	5.0 	4.3 	3.1 	4.4 	4.9 	5.2 	4.9 	4.5 	5.2 	5.2 	4.8 	5.6 	5.5 	5.5 	5.1 	5.1 	5.3 	5.2 	5.0 	: 	: 	: 	: 	: 	: 	: 	: 	: 	: 	: 	: 	: 	: 	: 	: 	: 	: 	: 	: 	: 	: 	: 	: 	: 	: 	: 	: 	: 	: 	: 	: 
BS-OTEB,SA,BAL,FI	7.0 	7.5 	7.5 	7.0 	7.9 	8.2 	8.2 	7.9 	6.9 	7.4 	7.4 	7.0 	7.2 	8.2 	7.6 	8.2 	8.0 	7.8 	7.1 	7.3 	8.1 	8.0 	7.1 	7.4 	7.0 	7.3 	7.8 	7.2 	7.8 	5.0 	6.1 	7.5 	6.9 	7.0 	7.1 	6.4 	6.6 	5.9 	6.4 	6.4 	6.3 	5.4 	5.8 	8.2 	4.6 	5.4 	5.6 	5.5 	6.8 	6.3 	6.4 	6.4 	6.2 	5.7 	5.4 	4.4 	5.5 	4.6 	4.3 	5.2 	6.0 	6.6 	6.7 	7.1 	6.8 	6.2 	6.7 	7.3 	7.3 	6.8 	6.9 	6.3 	4.9 	5.8 	5.3 	6.7 	6.5 	6.7 	6.2 	7.0 	6.7 	7.0 	6.9 	5.9 	5.5 	5.5 	5.5 	6.2 	6.1 	6.1 	7.0 	7.1 	7.0 	6.4 	6.7 	7.2 	6.3 	6.2 	5.6 	6.4 	6.3 	5.4 	5.3 	5.2 	5.4 	5.1 	4.8 	5.1 	5.0 	4.9 	5.6 	5.6 	5.8 	6.3 	5.5 	5.2 	5.1 	5.2 	4.8 	4.4 	4.8 	4.7 	: 	: 	: 	: 	: 	: 	: 	: 	: 	: 	: 	: 	: 	: 	: 	: 	: 	: 	: 	: 	: 	: 	: 	: 	: 	: 	: 	: 	: 	: 	: 	: 	: 	: 	: 	: 	: 	: 	: 	: 	: 	: 	: 	: 	: 	: 	: 	: 
BS-OTEB,SA,BAL,FR	7.9 	8.0 	8.0 	8.1 	8.1 	8.1 	8.1 	8.0 	8.1 	7.6 	7.7 	7.5 	6.8 	7.5 	7.6 	7.5 	7.4 	7.3 	7.1 	7.0 	7.0 	6.8 	6.9 	6.8 	6.5 	6.6 	6.2 	6.3 	6.2 	6.1 	6.2 	6.0 	6.1 	5.8 	6.1 	6.0 	6.4 	6.3 	6.7 	6.6 	6.8 	6.7 	6.7 	6.6 	6.6 	6.6 	6.6 	6.6 	6.5 	6.3 	6.2 	5.9 	5.9 	5.7 	5.6 	5.8 	5.8 	6.0 	6.0 	6.8 	6.8 	6.7 	6.8 	6.6 	6.6 	6.5 	6.3 	6.4 	6.1 	6.2 	6.0 	6.0 	5.9 	5.9 	5.8 	5.9 	5.8 	5.7 	: 	: 	: 	: 	: 	: 	: 	: 	: 	: 	: 	: 	: 	: 	: 	: 	: 	: 	: 	: 	: 	: 	: 	: 	: 	: 	: 	: 	: 	: 	: 	: 	: 	: 	: 	: 	: 	: 	: 	: 	: 	: 	: 	: 	: 	: 	: 	: 	: 	: 	: 	: 	: 	: 	: 	: 	: 	: 	: 	: 	: 	: 	: 	: 	: 	: 	: 	: 	: 	: 	: 	: 	: 	: 	: 	: 	: 	: 	: 	: 	: 	: 	: 	: 	: 	: 	: 	: 	: 	: 	: 	: 
BS-OTEB,SA,BAL,HR	8.4 	7.5 	8.7 	7.5 	9.8 	11.3 	9.7 	7.5 	7.7 	6.3 	6.7 	6.0 	6.6 	10.1 	7.9 	8.9 	8.6 	8.1 	6.9 	7.5 	7.1 	6.8 	6.7 	7.8 	6.3 	5.2 	5.5 	5.1 	5.8 	5.8 	4.8 	4.4 	4.4 	4.7 	4.6 	4.6 	5.0 	4.2 	3.2 	4.6 	4.4 	4.2 	3.7 	4.4 	4.4 	3.7 	3.8 	4.2 	4.6 	3.9 	4.6 	4.8 	4.1 	5.6 	4.5 	5.9 	5.5 	6.0 	7.2 	7.2 	: 	: 	: 	: 	: 	: 	: 	: 	: 	: 	: 	: 	: 	: 	: 	: 	: 	: 	: 	: 	: 	: 	: 	: 	: 	: 	: 	: 	: 	: 	: 	: 	: 	: 	: 	: 	: 	: 	: 	: 	: 	: 	: 	: 	: 	: 	: 	: 	: 	: 	: 	: 	: 	: 	: 	: 	: 	: 	: 	: 	: 	: 	: 	: 	: 	: 	: 	: 	: 	: 	: 	: 	: 	: 	: 	: 	: 	: 	: 	: 	: 	: 	: 	: 	: 	: 	: 	: 	: 	: 	: 	: 	: 	: 	: 	: 	: 	: 	: 	: 	: 	: 	: 	: 	: 	: 	: 	: 	: 	: 
BS-OTEB,SA,BAL,HU	5.4 	4.4 	4.9 	6.7 	5.7 	6.3 	4.8 	5.7 	6.0 	4.8 	6.4 	4.2 	3.8 	6.0 	6.9 	6.9 	6.9 	6.9 	8.4 	8.0 	5.5 	6.3 	4.1 	3.9 	3.7 	3.6 	3.6 	4.3 	4.0 	4.1 	4.4 	3.9 	4.4 	3.8 	4.0 	4.3 	4.2 	3.5 	3.3 	3.2 	3.6 	3.3 	3.4 	3.5 	3.1 	3.3 	2.9 	3.4 	3.3 	3.1 	3.0 	3.1 	3.5 	3.3 	3.0 	4.0 	3.3 	3.4 	4.0 	3.1 	3.9 	4.4 	3.8 	3.8 	3.8 	4.4 	4.3 	4.9 	4.8 	4.6 	4.3 	4.9 	4.2 	4.2 	4.8 	4.9 	4.3 	3.7 	3.8 	3.8 	4.5 	4.3 	3.5 	4.0 	4.0 	4.5 	5.0 	4.7 	3.7 	5.5 	6.1 	5.6 	5.2 	4.8 	4.4 	4.7 	4.5 	6.8 	6.8 	6.8 	6.8 	4.6 	: 	: 	: 	: 	: 	: 	: 	: 	: 	: 	: 	: 	: 	: 	: 	: 	: 	: 	: 	: 	: 	: 	: 	: 	: 	: 	: 	: 	: 	: 	: 	: 	: 	: 	: 	: 	: 	: 	: 	: 	: 	: 	: 	: 	: 	: 	: 	: 	: 	: 	: 	: 	: 	: 	: 	: 	: 	: 	: 	: 	: 	: 	: 	: 	: 	: 	: 	: 
BS-OTEB,SA,BAL,IE	: 	4.7 	4.3 	4.4 	5.3 	5.3 	5.9 	6.6 	7.1 	4.6 	3.8 	4.2 	4.4 	4.8 	4.9 	5.1 	5.9 	6.4 	4.4 	4.3 	4.3 	3.9 	5.4 	5.6 	5.1 	6.4 	6.8 	5.5 	: 	: 	: 	: 	: 	: 	: 	: 	: 	: 	: 	: 	: 	: 	: 	: 	: 	: 	: 	: 	: 	: 	: 	: 	: 	: 	: 	: 	: 	: 	: 	: 	: 	: 	: 	: 	: 	: 	: 	: 	: 	: 	: 	: 	: 	: 	: 	: 	: 	: 	: 	: 	: 	: 	: 	: 	: 	: 	: 	: 	: 	: 	: 	: 	: 	: 	: 	: 	: 	: 	: 	: 	: 	: 	: 	: 	: 	: 	: 	: 	: 	: 	: 	: 	: 	: 	: 	: 	: 	: 	: 	: 	: 	: 	: 	: 	: 	: 	: 	: 	: 	: 	: 	: 	: 	: 	: 	: 	: 	: 	: 	: 	: 	: 	: 	: 	: 	: 	: 	: 	: 	: 	: 	: 	: 	: 	: 	: 	: 	: 	: 	: 	: 	: 	: 	: 	: 	: 	: 	: 	: 	: 
BS-OTEB,SA,BAL,IT	15.4 	15.1 	14.4 	13.8 	14.3 	14.5 	14.6 	13.8 	12.9 	12.8 	12.2 	12.8 	: 	12.3 	12.3 	12.0 	12.8 	11.4 	11.1 	10.9 	10.9 	11.1 	10.3 	10.3 	9.9 	10.0 	8.5 	9.5 	9.8 	9.9 	10.2 	9.8 	10.2 	8.7 	8.8 	9.0 	9.4 	8.3 	9.2 	8.5 	9.6 	8.8 	10.2 	8.9 	8.9 	9.6 	10.0 	8.3 	9.7 	10.2 	8.8 	8.2 	9.1 	9.1 	7.6 	9.1 	9.7 	8.6 	8.4 	8.7 	9.5 	9.4 	9.5 	10.0 	8.8 	9.8 	9.6 	9.0 	9.2 	9.0 	9.6 	8.1 	8.9 	11.0 	8.4 	8.6 	10.4 	7.7 	7.7 	8.3 	9.8 	8.9 	7.6 	8.0 	10.3 	9.5 	9.8 	9.1 	14.8 	8.5 	7.6 	8.4 	8.5 	9.7 	8.8 	8.3 	9.5 	9.4 	9.9 	10.5 	9.9 	6.2 	8.1 	9.7 	-0.2 	-0.8 	0.8 	2.3 	3.5 	2.6 	9.5 	2.7 	0.8 	0.1 	1.3 	4.0 	-0.4 	2.5 	1.7 	2.8 	0.4 	2.7 	2.2 	1.4 	3.8 	2.8 	1.9 	3.4 	2.8 	3.8 	5.0 	7.0 	2.6 	2.7 	1.7 	3.6 	3.3 	4.2 	3.3 	5.2 	6.5 	2.2 	3.0 	3.9 	5.9 	4.3 	4.5 	5.8 	5.9 	5.2 	6.0 	6.3 	5.8 	4.5 	6.0 	6.9 	4.8 	3.8 	3.7 	3.3 	4.5 	5.4 	6.8 	9.1 	6.3 	9.1 	7.0 	7.2 	7.1 	7.4 
BS-OTEB,SA,BAL,LT	3.4 	2.7 	2.7 	2.6 	2.7 	2.8 	5.0 	4.8 	4.6 	4.5 	4.2 	4.3 	3.9 	4.3 	4.4 	4.4 	4.3 	4.4 	4.1 	4.0 	4.0 	3.9 	4.2 	4.0 	3.8 	4.1 	3.8 	3.8 	3.6 	3.5 	3.8 	3.8 	4.2 	4.2 	4.2 	4.4 	4.3 	4.3 	3.9 	4.0 	4.0 	3.7 	3.8 	3.6 	3.6 	3.6 	3.6 	3.7 	3.4 	3.4 	3.1 	2.9 	2.5 	2.2 	2.4 	1.9 	2.0 	2.8 	3.7 	4.0 	4.2 	5.3 	5.1 	5.2 	5.0 	4.9 	5.0 	4.9 	4.9 	4.5 	4.3 	4.3 	4.1 	3.6 	3.7 	3.5 	3.8 	3.3 	3.2 	3.7 	4.0 	3.0 	4.0 	3.8 	3.1 	4.2 	4.0 	3.9 	4.2 	5.1 	5.0 	: 	: 	: 	: 	: 	: 	: 	: 	: 	: 	: 	: 	: 	: 	: 	: 	: 	: 	: 	: 	: 	: 	: 	: 	: 	: 	: 	: 	: 	: 	: 	: 	: 	: 	: 	: 	: 	: 	: 	: 	: 	: 	: 	: 	: 	: 	: 	: 	: 	: 	: 	: 	: 	: 	: 	: 	: 	: 	: 	: 	: 	: 	: 	: 	: 	: 	: 	: 	: 	: 	: 	: 	: 	: 	: 	: 	: 	: 	: 
BS-OTEB,SA,BAL,LU	7.3 	7.5 	7.4 	7.5 	7.9 	7.7 	7.8 	7.4 	7.5 	7.3 	7.1 	7.2 	7.5 	7.0 	7.7 	7.6 	7.7 	7.6 	7.5 	7.7 	7.7 	7.7 	7.7 	6.5 	7.6 	7.6 	7.4 	7.5 	4.8 	4.9 	5.0 	4.7 	4.8 	4.8 	5.0 	4.8 	4.7 	4.8 	4.7 	4.8 	4.5 	4.4 	4.3 	4.4 	4.8 	4.9 	4.9 	5.0 	4.9 	5.1 	3.5 	3.4 	3.4 	3.3 	3.3 	3.2 	3.3 	3.4 	3.6 	3.7 	3.6 	3.5 	3.5 	3.3 	2.2 	2.3 	2.2 	2.6 	2.5 	2.7 	2.5 	2.5 	2.6 	2.8 	2.5 	2.6 	2.2 	2.2 	2.2 	2.2 	2.1 	2.4 	2.5 	2.7 	2.8 	2.9 	3.3 	3.4 	3.1 	3.4 	3.3 	3.3 	3.5 	3.2 	3.3 	3.1 	3.1 	2.8 	3.1 	2.9 	2.7 	2.6 	2.6 	2.5 	2.5 	2.2 	2.1 	2.2 	2.2 	2.2 	2.2 	2.4 	2.3 	2.5 	2.4 	2.5 	2.5 	2.3 	2.3 	2.4 	3.2 	3.0 	3.1 	3.7 	3.4 	3.2 	3.0 	3.3 	3.5 	3.8 	3.4 	3.5 	3.4 	3.4 	3.1 	3.0 	2.5 	2.5 	2.7 	3.2 	3.3 	3.4 	3.6 	3.5 	4.4 	3.4 	3.4 	3.1 	2.9 	2.4 	2.2 	2.0 	2.1 	1.7 	1.4 	1.9 	2.5 	1.6 	2.5 	2.2 	2.2 	2.7 	3.1 	3.3 	3.3 	4.6 	4.4 	4.4 	4.4 	4.8 
BS-OTEB,SA,BAL,LV	6.2 	6.4 	5.8 	6.0 	5.8 	6.2 	6.0 	6.4 	5.7 	5.0 	5.4 	5.0 	4.7 	5.9 	5.7 	6.1 	6.5 	6.4 	5.4 	6.7 	6.0 	5.6 	5.3 	5.2 	4.8 	4.6 	5.1 	3.8 	3.9 	3.7 	4.4 	4.6 	4.7 	5.0 	4.3 	5.1 	5.3 	4.9 	4.5 	4.9 	4.4 	4.4 	5.1 	4.7 	7.5 	4.5 	4.4 	4.7 	4.2 	3.9 	4.6 	3.9 	3.8 	3.6 	3.6 	3.1 	3.6 	4.0 	6.7 	4.9 	5.0 	5.2 	5.8 	5.9 	6.2 	5.6 	5.5 	5.2 	5.1 	5.1 	4.9 	4.8 	4.5 	3.8 	3.8 	3.9 	3.6 	3.7 	3.7 	4.0 	4.0 	3.0 	3.6 	3.7 	4.0 	3.4 	2.9 	2.9 	3.1 	2.8 	2.1 	2.4 	2.6 	2.7 	2.9 	3.1 	3.3 	: 	: 	: 	: 	: 	: 	: 	: 	: 	: 	: 	: 	: 	: 	: 	: 	: 	: 	: 	: 	: 	: 	: 	: 	: 	: 	: 	: 	: 	: 	: 	: 	: 	: 	: 	: 	: 	: 	: 	: 	: 	: 	: 	: 	: 	: 	: 	: 	: 	: 	: 	: 	: 	: 	: 	: 	: 	: 	: 	: 	: 	: 	: 	: 	: 	: 	: 	: 	: 	: 	: 	: 	: 
BS-OTEB,SA,BAL,ME	4.5 	4.4 	5.5 	3.0 	4.0 	3.7 	3.4 	3.2 	7.0 	7.6 	7.9 	9.0 	6.9 	8.2 	7.9 	4.5 	5.8 	6.8 	7.9 	8.0 	5.7 	8.3 	4.9 	5.8 	4.5 	5.7 	6.1 	7.3 	9.4 	8.8 	7.4 	8.8 	8.3 	8.2 	6.1 	6.2 	5.6 	6.7 	6.5 	6.7 	7.2 	6.2 	7.2 	8.3 	: 	: 	: 	: 	: 	: 	: 	: 	: 	: 	: 	: 	: 	: 	: 	: 	: 	: 	: 	: 	: 	: 	: 	: 	: 	: 	: 	: 	: 	: 	: 	: 	: 	: 	: 	: 	: 	: 	: 	: 	: 	: 	: 	: 	: 	: 	: 	: 	: 	: 	: 	: 	: 	: 	: 	: 	: 	: 	: 	: 	: 	: 	: 	: 	: 	: 	: 	: 	: 	: 	: 	: 	: 	: 	: 	: 	: 	: 	: 	: 	: 	: 	: 	: 	: 	: 	: 	: 	: 	: 	: 	: 	: 	: 	: 	: 	: 	: 	: 	: 	: 	: 	: 	: 	: 	: 	: 	: 	: 	: 	: 	: 	: 	: 	: 	: 	: 	: 	: 	: 	: 	: 	: 	: 	: 	: 
BS-OTEB,SA,BAL,MK	4.9 	4.0 	3.9 	3.9 	5.6 	4.2 	4.9 	4.8 	3.8 	3.7 	3.7 	3.6 	2.5 	3.6 	4.5 	3.3 	3.8 	3.3 	4.5 	3.4 	3.7 	3.3 	3.6 	4.5 	3.8 	3.8 	3.5 	3.5 	3.8 	3.4 	3.2 	3.1 	3.3 	3.3 	2.8 	3.3 	4.0 	4.6 	3.6 	3.6 	4.2 	3.8 	3.4 	3.3 	4.3 	5.2 	3.7 	3.3 	3.7 	2.4 	2.9 	2.6 	2.7 	3.1 	5.3 	5.4 	3.1 	11.3 	12.6 	17.6 	: 	: 	: 	: 	: 	: 	: 	: 	: 	: 	: 	: 	: 	: 	: 	: 	: 	: 	: 	: 	: 	: 	: 	: 	: 	: 	: 	: 	: 	: 	: 	: 	: 	: 	: 	: 	: 	: 	: 	: 	: 	: 	: 	: 	: 	: 	: 	: 	: 	: 	: 	: 	: 	: 	: 	: 	: 	: 	: 	: 	: 	: 	: 	: 	: 	: 	: 	: 	: 	: 	: 	: 	: 	: 	: 	: 	: 	: 	: 	: 	: 	: 	: 	: 	: 	: 	: 	: 	: 	: 	: 	: 	: 	: 	: 	: 	: 	: 	: 	: 	: 	: 	: 	: 	: 	: 	: 	: 	: 	: 
BS-OTEB,SA,BAL,MT	7.2 	7.4 	6.4 	7.4 	5.6 	6.3 	6.6 	7.3 	11.2 	7.6 	8.0 	8.0 	8.3 	7.3 	6.7 	6.1 	7.6 	7.5 	7.6 	6.5 	6.5 	7.0 	7.3 	4.4 	6.3 	4.7 	5.1 	4.3 	4.4 	4.0 	7.0 	6.7 	6.4 	8.2 	8.2 	6.2 	5.8 	5.6 	4.6 	4.6 	5.0 	5.2 	5.5 	5.2 	5.4 	21.2 	6.0 	7.5 	8.6 	6.0 	6.7 	8.2 	11.0 	9.0 	7.0 	5.1 	3.3 	4.6 	5.1 	7.2 	: 	: 	: 	: 	: 	: 	: 	: 	: 	: 	: 	: 	: 	: 	: 	: 	: 	: 	: 	: 	: 	: 	: 	: 	: 	: 	: 	: 	: 	: 	: 	: 	: 	: 	: 	: 	: 	: 	: 	: 	: 	: 	: 	: 	: 	: 	: 	: 	: 	: 	: 	: 	: 	: 	: 	: 	: 	: 	: 	: 	: 	: 	: 	: 	: 	: 	: 	: 	: 	: 	: 	: 	: 	: 	: 	: 	: 	: 	: 	: 	: 	: 	: 	: 	: 	: 	: 	: 	: 	: 	: 	: 	: 	: 	: 	: 	: 	: 	: 	: 	: 	: 	: 	: 	: 	: 	: 	: 	: 	: 
BS-OTEB,SA,BAL,NL	9.5 	9.5 	9.4 	9.5 	9.3 	9.3 	8.9 	8.8 	8.6 	8.4 	8.3 	8.3 	8.2 	8.6 	8.7 	8.8 	8.9 	8.8 	8.7 	9.1 	8.8 	8.5 	8.3 	7.9 	7.6 	7.8 	7.5 	7.2 	6.8 	6.6 	6.5 	6.4 	6.3 	6.1 	6.0 	5.8 	5.7 	5.4 	5.3 	5.2 	5.0 	5.1 	5.3 	5.3 	5.6 	5.9 	5.9 	6.0 	6.0 	5.7 	5.9 	5.9 	5.9 	6.0 	6.1 	5.9 	6.5 	7.0 	7.2 	8.4 	8.8 	8.5 	8.3 	8.2 	8.1 	8.3 	8.0 	7.4 	7.5 	7.4 	7.5 	7.7 	7.2 	7.0 	6.6 	6.6 	7.0 	6.7 	6.6 	6.7 	6.7 	7.2 	7.3 	7.4 	7.7 	7.9 	8.1 	7.9 	7.9 	7.8 	7.7 	7.9 	7.8 	7.7 	7.6 	7.5 	7.3 	7.6 	7.4 	7.3 	6.9 	6.8 	6.9 	6.7 	6.5 	6.3 	6.3 	6.3 	6.3 	5.8 	5.8 	5.6 	5.5 	5.8 	5.8 	5.7 	5.7 	5.6 	5.5 	5.6 	5.5 	5.8 	5.7 	5.8 	5.8 	5.8 	6.0 	6.4 	6.1 	6.0 	6.3 	6.1 	6.4 	6.6 	6.6 	6.4 	6.2 	6.5 	6.6 	6.5 	6.5 	6.3 	6.4 	6.3 	6.1 	6.3 	6.3 	6.4 	5.8 	4.3 	4.4 	5.4 	6.5 	6.5 	6.8 	6.7 	6.9 	6.3 	6.7 	6.2 	6.4 	6.7 	6.4 	6.3 	6.6 	5.6 	5.9 	6.1 	6.5 	6.5 
BS-OTEB,SA,BAL,PL	8.6 	8.4 	8.4 	8.5 	8.6 	8.7 	8.6 	8.6 	8.3 	8.4 	8.3 	8.1 	7.8 	9.9 	9.1 	9.3 	9.6 	9.5 	10.7 	11.0 	10.9 	11.1 	9.9 	10.0 	9.7 	9.9 	12.1 	12.9 	12.0 	12.3 	11.9 	12.2 	11.7 	12.3 	11.1 	12.0 	11.5 	12.6 	13.4 	12.6 	11.4 	12.3 	12.3 	12.5 	12.1 	14.4 	16.2 	16.3 	15.8 	15.0 	14.7 	14.8 	13.8 	16.2 	7.3 	7.3 	7.3 	7.5 	8.5 	8.7 	8.4 	8.5 	8.0 	7.8 	7.8 	7.5 	7.8 	7.4 	7.2 	6.9 	6.7 	6.5 	6.1 	6.1 	5.7 	5.5 	5.0 	4.7 	4.7 	4.8 	4.7 	4.7 	4.7 	4.7 	4.6 	4.6 	4.3 	4.5 	4.6 	4.7 	5.2 	5.3 	5.4 	5.2 	5.3 	5.3 	5.2 	5.4 	5.1 	5.4 	5.2 	5.2 	5.7 	6.2 	5.9 	5.6 	5.4 	5.8 	5.9 	5.3 	5.3 	5.7 	5.2 	5.1 	4.8 	5.0 	4.9 	4.7 	4.7 	5.8 	: 	: 	: 	: 	: 	: 	: 	: 	: 	: 	: 	: 	: 	: 	: 	: 	: 	: 	: 	: 	: 	: 	: 	: 	: 	: 	: 	: 	: 	: 	: 	: 	: 	: 	: 	: 	: 	: 	: 	: 	: 	: 	: 	: 	: 	: 	: 	: 	: 	: 
BS-OTEB,SA,BAL,PT	8.5 	8.7 	9.0 	8.7 	8.7 	8.5 	9.3 	9.7 	8.9 	8.6 	8.6 	7.5 	7.2 	8.0 	7.7 	7.2 	7.1 	8.5 	8.1 	8.0 	8.0 	7.4 	7.2 	7.2 	7.9 	8.1 	7.6 	7.5 	7.3 	7.9 	7.5 	7.7 	8.0 	8.9 	7.5 	7.8 	7.6 	7.5 	7.7 	7.8 	8.2 	7.4 	7.9 	7.9 	8.6 	8.7 	8.6 	9.7 	9.7 	9.7 	9.6 	10.5 	9.4 	8.3 	8.8 	8.5 	8.2 	8.2 	9.2 	9.2 	9.2 	9.2 	8.2 	8.2 	9.2 	8.2 	8.2 	8.2 	8.2 	8.2 	8.2 	8.2 	9.2 	9.2 	8.2 	9.2 	9.2 	9.2 	9.2 	9.2 	9.2 	8.2 	10.2 	10.2 	10.2 	11.2 	10.2 	10.2 	11.2 	10.2 	11.2 	10.2 	10.2 	10.2 	10.2 	10.2 	9.2 	9.2 	9.2 	9.2 	9.2 	10.2 	10.2 	10.2 	10.2 	10.2 	9.3 	8.5 	8.8 	8.3 	8.4 	9.4 	8.0 	7.3 	7.5 	7.3 	7.9 	7.4 	7.7 	8.7 	10.3 	10.7 	11.2 	10.2 	10.6 	9.9 	9.6 	11.2 	11.5 	14.2 	12.1 	13.6 	12.9 	13.8 	13.5 	12.8 	16.7 	13.7 	: 	: 	: 	: 	: 	: 	: 	: 	: 	: 	: 	: 	: 	: 	: 	: 	: 	: 	: 	: 	: 	: 	: 	: 	: 	: 	: 	: 	: 	: 	: 	: 
BS-OTEB,SA,BAL,RO	4.4 	4.7 	3.0 	3.6 	5.0 	5.6 	4.7 	3.6 	5.0 	4.5 	4.7 	4.2 	3.7 	3.9 	4.5 	3.3 	4.4 	4.8 	4.2 	4.8 	3.2 	2.7 	3.3 	3.1 	3.6 	2.8 	4.2 	4.0 	6.8 	6.9 	7.6 	7.8 	7.8 	8.3 	7.7 	9.0 	8.7 	9.6 	9.5 	8.0 	3.1 	3.9 	4.0 	3.3 	3.8 	2.6 	2.7 	2.8 	3.1 	3.5 	4.2 	3.2 	3.1 	3.2 	3.8 	3.2 	3.7 	3.1 	3.8 	3.9 	4.0 	3.1 	3.7 	4.1 	3.9 	4.0 	3.6 	3.7 	3.3 	3.7 	3.6 	5.8 	4.3 	5.7 	4.8 	3.8 	4.8 	3.8 	4.8 	4.8 	5.8 	5.8 	4.8 	5.8 	4.9 	7.4 	9.8 	: 	: 	: 	: 	: 	: 	: 	: 	: 	: 	: 	: 	: 	: 	: 	: 	: 	: 	: 	: 	: 	: 	: 	: 	: 	: 	: 	: 	: 	: 	: 	: 	: 	: 	: 	: 	: 	: 	: 	: 	: 	: 	: 	: 	: 	: 	: 	: 	: 	: 	: 	: 	: 	: 	: 	: 	: 	: 	: 	: 	: 	: 	: 	: 	: 	: 	: 	: 	: 	: 	: 	: 	: 	: 	: 	: 	: 	: 	: 	: 	: 	: 	: 
BS-OTEB,SA,BAL,RS	6.4 	6.1 	6.0 	6.4 	6.8 	7.7 	6.7 	6.8 	7.1 	7.5 	7.1 	6.7 	6.8 	7.1 	6.9 	7.5 	7.0 	6.4 	6.3 	6.8 	5.9 	6.0 	5.9 	5.2 	4.8 	5.9 	5.5 	5.1 	5.0 	4.3 	4.6 	4.5 	4.2 	4.6 	3.5 	5.0 	2.2 	2.5 	3.2 	3.6 	: 	: 	: 	: 	: 	: 	: 	: 	: 	: 	: 	: 	: 	: 	: 	: 	: 	: 	: 	: 	: 	: 	: 	: 	: 	: 	: 	: 	: 	: 	: 	: 	: 	: 	: 	: 	: 	: 	: 	: 	: 	: 	: 	: 	: 	: 	: 	: 	: 	: 	: 	: 	: 	: 	: 	: 	: 	: 	: 	: 	: 	: 	: 	: 	: 	: 	: 	: 	: 	: 	: 	: 	: 	: 	: 	: 	: 	: 	: 	: 	: 	: 	: 	: 	: 	: 	: 	: 	: 	: 	: 	: 	: 	: 	: 	: 	: 	: 	: 	: 	: 	: 	: 	: 	: 	: 	: 	: 	: 	: 	: 	: 	: 	: 	: 	: 	: 	: 	: 	: 	: 	: 	: 	: 	: 	: 	: 	: 	: 	: 
BS-OTEB,SA,BAL,SE	6.8 	7.0 	7.3 	7.3 	6.0 	7.0 	6.8 	6.8 	6.3 	5.8 	5.8 	6.8 	6.0 	6.0 	8.3 	7.8 	6.8 	6.5 	6.3 	7.0 	7.3 	6.5 	6.3 	6.8 	6.3 	6.5 	6.3 	6.0 	6.0 	5.4 	6.0 	7.3 	5.5 	4.9 	6.2 	5.1 	4.5 	4.4 	5.0 	5.0 	4.8 	3.7 	4.5 	4.9 	4.9 	24.8 	22.1 	19.3 	16.6 	13.8 	11.1 	8.4 	5.6 	7.4 	7.8 	7.9 	8.3 	8.0 	8.2 	8.5 	8.8 	9.0 	9.1 	9.2 	10.0 	8.9 	9.3 	8.9 	9.0 	8.3 	8.2 	8.0 	7.3 	7.1 	7.2 	7.0 	5.8 	5.3 	6.5 	5.5 	6.7 	7.3 	5.5 	6.7 	6.8 	6.2 	6.8 	7.7 	6.9 	6.3 	6.0 	5.7 	5.9 	6.4 	5.0 	5.6 	5.9 	5.7 	5.7 	5.8 	5.8 	5.5 	6.4 	5.7 	5.0 	5.0 	5.5 	24.0 	28.0 	: 	: 	: 	: 	: 	: 	: 	: 	: 	: 	: 	: 	: 	: 	: 	: 	: 	: 	: 	: 	: 	: 	: 	: 	: 	: 	: 	: 	: 	: 	: 	: 	: 	: 	: 	: 	: 	: 	: 	: 	: 	: 	: 	: 	: 	: 	: 	: 	: 	: 	: 	: 	: 	: 	: 	: 	: 	: 	: 	: 	: 
BS-OTEB,SA,BAL,SI	6.6 	7.0 	6.9 	7.0 	7.2 	6.7 	6.7 	6.6 	6.3 	6.1 	5.8 	5.6 	5.4 	5.4 	5.8 	5.7 	6.5 	6.2 	6.2 	6.2 	5.5 	5.4 	5.0 	4.7 	4.3 	4.0 	5.6 	5.6 	5.3 	5.2 	4.9 	3.7 	4.5 	4.3 	4.2 	4.2 	4.3 	4.2 	4.1 	3.9 	3.7 	3.7 	3.6 	3.6 	3.5 	3.5 	3.4 	3.3 	3.5 	3.5 	3.6 	3.9 	3.7 	3.9 	3.9 	3.9 	4.4 	4.3 	4.9 	4.9 	5.2 	5.3 	5.4 	5.5 	5.2 	5.4 	4.8 	4.8 	4.6 	4.4 	4.6 	4.5 	4.7 	4.8 	4.8 	4.8 	4.7 	4.5 	4.6 	4.4 	4.5 	4.5 	4.5 	4.6 	: 	: 	: 	: 	: 	: 	: 	: 	: 	: 	: 	: 	: 	: 	: 	: 	: 	: 	: 	: 	: 	: 	: 	: 	: 	: 	: 	: 	: 	: 	: 	: 	: 	: 	: 	: 	: 	: 	: 	: 	: 	: 	: 	: 	: 	: 	: 	: 	: 	: 	: 	: 	: 	: 	: 	: 	: 	: 	: 	: 	: 	: 	: 	: 	: 	: 	: 	: 	: 	: 	: 	: 	: 	: 	: 	: 	: 	: 	: 	: 	: 	: 	: 	: 	: 	: 
BS-OTEB,SA,BAL,SK	10.2 	9.4 	9.5 	8.2 	9.4 	9.8 	8.2 	9.3 	9.4 	9.0 	8.8 	10.7 	10.4 	12.1 	13.5 	12.1 	9.5 	8.5 	8.7 	9.3 	10.4 	11.6 	11.2 	11.1 	10.3 	10.4 	9.7 	9.5 	9.8 	9.7 	10.6 	10.2 	11.8 	12.1 	12.3 	11.5 	11.3 	8.7 	8.8 	8.9 	8.5 	8.7 	8.3 	7.6 	7.6 	8.0 	7.9 	7.9 	7.4 	6.9 	7.0 	6.8 	7.0 	7.2 	7.5 	7.2 	7.1 	7.1 	7.8 	8.2 	7.7 	7.5 	7.3 	7.8 	8.2 	8.9 	8.3 	7.9 	7.1 	6.9 	6.6 	6.7 	7.2 	7.1 	7.1 	6.9 	5.9 	5.8 	6.1 	5.8 	6.4 	7.7 	5.4 	5.5 	5.8 	4.9 	: 	: 	: 	: 	: 	: 	: 	: 	: 	: 	: 	: 	: 	: 	: 	: 	: 	: 	: 	: 	: 	: 	: 	: 	: 	: 	: 	: 	: 	: 	: 	: 	: 	: 	: 	: 	: 	: 	: 	: 	: 	: 	: 	: 	: 	: 	: 	: 	: 	: 	: 	: 	: 	: 	: 	: 	: 	: 	: 	: 	: 	: 	: 	: 	: 	: 	: 	: 	: 	: 	: 	: 	: 	: 	: 	: 	: 	: 	: 	: 	: 	: 	: 	: 
BS-OTEB,SA,BAL,TR	15.4 	13.8 	17.0 	15.8 	17.1 	17.0 	16.5 	17.0 	15.8 	15.8 	16.6 	16.5 	15.0 	17.3 	16.6 	15.9 	16.5 	16.3 	16.2 	17.5 	17.5 	17.8 	17.4 	17.0 	17.2 	16.8 	16.6 	17.4 	17.2 	17.4 	16.8 	17.4 	17.1 	16.9 	16.9 	16.8 	16.4 	16.6 	15.6 	16.0 	15.5 	16.8 	16.0 	16.1 	17.9 	16.4 	17.1 	16.1 	: 	: 	: 	: 	: 	: 	: 	: 	: 	: 	: 	: 	: 	: 	: 	: 	: 	: 	: 	: 	: 	: 	: 	: 	: 	: 	: 	: 	: 	: 	: 	: 	: 	: 	: 	: 	: 	: 	: 	: 	: 	: 	: 	: 	: 	: 	: 	: 	: 	: 	: 	: 	: 	: 	: 	: 	: 	: 	: 	: 	: 	: 	: 	: 	: 	: 	: 	: 	: 	: 	: 	: 	: 	: 	: 	: 	: 	: 	: 	: 	: 	: 	: 	: 	: 	: 	: 	: 	: 	: 	: 	: 	: 	: 	: 	: 	: 	: 	: 	: 	: 	: 	: 	: 	: 	: 	: 	: 	: 	: 	: 	: 	: 	: 	: 	: 	: 	: 	: 	: 	: 	: 
BS-OTEB,SA,BAL,UK	: 	: 	: 	: 	: 	: 	: 	: 	: 	: 	: 	: 	: 	: 	3.2 	4.8 	4.5 	4.8 	5.8 	5.7 	5.8 	3.9 	5.2 	6.4 	4.2 	3.1 	2.9 	2.8 	3.1 	3.2 	3.1 	2.9 	3.0 	3.0 	3.1 	3.0 	2.8 	2.4 	2.6 	3.1 	2.6 	2.1 	2.1 	2.4 	3.2 	2.8 	3.1 	3.3 	4.2 	3.6 	3.5 	3.0 	3.1 	3.4 	3.9 	2.9 	3.6 	2.7 	3.3 	4.2 	4.3 	4.3 	4.3 	3.6 	3.6 	4.7 	4.1 	4.8 	4.1 	3.9 	4.3 	3.1 	4.4 	4.1 	4.1 	4.8 	4.5 	4.7 	3.9 	4.4 	3.2 	3.0 	2.9 	3.4 	3.1 	2.4 	2.8 	2.9 	4.0 	3.5 	3.4 	4.3 	4.1 	3.5 	3.3 	3.4 	3.6 	3.5 	3.5 	3.5 	3.5 	3.5 	3.9 	3.7 	2.7 	3.2 	2.1 	3.4 	3.2 	3.4 	3.7 	3.3 	3.7 	3.7 	3.6 	: 	: 	: 	: 	: 	: 	: 	: 	: 	: 	: 	: 	: 	: 	: 	: 	: 	: 	: 	: 	: 	: 	: 	: 	: 	: 	: 	: 	: 	: 	: 	: 	: 	: 	: 	: 	: 	: 	: 	: 	: 	: 	: 	: 	: 	: 	: 	: 	: 	: 	: 	: 	: 	: 	: 
